[{"@type":"connection","id":"@1","name":"conn_SSVR_EC2_clg_reporting_los_pcg","runtimeEnvironmentId":"@81XSalIvyz7kD9kvOu87gH","instanceDisplayName":"SqlServer","host":"awwdkanansqld01","database":"clg_reporting","codepage":"UTF-8","authenticationType":"Windows","adjustedJdbcHostName":"awwdkanansqld01","schema":"los_pcg","type":"SqlServer2012","port":1433,"majorUpdateTime":"2020-06-08T11:57:19.000Z","timeout":60,"connParams":{"trustStorePassword":"********","agentId":"010TR10800000000004R","CryptoProtocolVersion":"TLSv1","agentGroupId":"010TR12500000000001Q","AUTHENTICATION_TYPE":"Windows","encryptionMethod":"None","orgId":"010TR1","ValidateServerCertificate":"False"},"internal":false,"federatedId":"bJ0lodPSog7fPbBvvsdxWr"}]