{
  "name" : "AutoExecSQL",
  "sourceOrgId" : "0BVINXDWU7peSu3gmeIrqB",
  "sourceOrgName" : "uashok-informatica",
  "exportedObjects" : [ {
    "objectGuid" : "awpLA5Vg4bVgIbW0Hh7NCU",
    "objectName" : "GCS-DAS",
    "objectType" : "Folder",
    "path" : "/Explore/Default",
    "metadata" : {
      "modelVersion" : {
        "major" : 0,
        "minor" : 0
      },
      "repoInfo" : null,
      "objectRefs" : [ ],
      "contextAttributes" : [ ],
      "additionalInfo" : {
        "description" : "",
        "contentType" : "Binary",
        "documentState" : "COMPLETE"
      }
    }
  }, {
    "objectGuid" : "7lPrNihlHfNg5mO6utL7iJ",
    "objectName" : "AutoExecSQL",
    "objectType" : "PROCESS",
    "path" : "/Explore/Default/GCS-DAS",
    "metadata" : {
      "modelVersion" : {
        "major" : 1,
        "minor" : 0
      },
      "repoInfo" : {
        "repoHandle" : "qcjk91pqrzYLnzY-gt-41599-2018-11-14T11:39:27.265Z::pd.xml"
      },
      "objectRefs" : [ ],
      "contextAttributes" : null,
      "additionalInfo" : {
        "description" : "",
        "contentType" : "application/json; charset=utf-8",
        "documentState" : "VALID"
      }
    }
  }, {
    "objectGuid" : "cGkVs2AGZu2bz8TJHaREOC",
    "objectName" : "Default",
    "objectType" : "Project",
    "path" : "/Explore",
    "metadata" : {
      "modelVersion" : {
        "major" : 0,
        "minor" : 0
      },
      "repoInfo" : null,
      "objectRefs" : [ ],
      "contextAttributes" : [ {
        "name" : "IS_DEF_LOC",
        "value" : "true"
      } ],
      "additionalInfo" : {
        "description" : "Auto-generated Default Project",
        "contentType" : null,
        "documentState" : "COMPLETE"
      }
    }
  } ]
}