[{"@type":"mappingTemplate","id":"@1","name":"m_Stage_to_Hub_CommitmentDetails","description":"This mapping has a post SQL command to update the TESTLOANFLAG to Y or N looking up with LOS_PCG.TESTCLIENT Table.\n\n","bundleVersion":"0","templateId":"@3","deployTime":1599019715000,"hasParameters":false,"valid":true,"fixedConnection":true,"hasParametersDeployed":false,"fixedConnectionDeployed":true,"tasks":1,"mappingPreviewFileRecordId":"@2","documentType":"","references":[{"@type":"reference","refObjectId":"@bJ0lodPSog7fPbBvvsdxWr","refType":"connection"}]}]