<aetgt:getResponse xmlns:aetgt="http://schemas.active-endpoints.com/appmodules/repository/2010/10/avrepository.xsd"
                   xmlns:types1="http://schemas.active-endpoints.com/appmodules/repository/2010/10/avrepository.xsd">
   <types1:Item>
      <types1:EntryId>wqwx8R8WrY1Sypm-gt-739909-2019-03-24T16:03:48.364Z::pd.xml</types1:EntryId>
      <types1:Name>DecodeAndWriterProcess</types1:Name>
      <types1:MimeType>application/xml+process</types1:MimeType>
      <types1:Description/>
      <types1:AppliesTo/>
      <types1:Tags>.anonymous</types1:Tags>
      <types1:VersionLabel>1.0</types1:VersionLabel>
      <types1:State>CURRENT</types1:State>
      <types1:ProcessGroup/>
      <types1:CreatedBy>mkhan@informatica.onmicrosoft.com</types1:CreatedBy>
      <types1:CreationDate>2019-03-24T16:03:48Z</types1:CreationDate>
      <types1:ModifiedBy>mkhan@informatica.onmicrosoft.com</types1:ModifiedBy>
      <types1:ModificationDate>2019-03-24T16:51:51Z</types1:ModificationDate>
      <types1:PublicationStatus>out-of-date</types1:PublicationStatus>
      <types1:PublishedBy>mkhan@informatica.onmicrosoft.com</types1:PublishedBy>
      <types1:PublicationDate>2019-03-24T16:52:37Z</types1:PublicationDate>
      <types1:PublishedContributionId>project:/spi.DecodeAndWriterProcess/DecodeAndWriterProcess.pd.xml</types1:PublishedContributionId>
      <types1:AutosaveExists>false</types1:AutosaveExists>
      <types1:Entry>
         <process xmlns="http://schemas.active-endpoints.com/appmodules/screenflow/2010/10/avosScreenflow.xsd"
                  xmlns:list="urn:activevos:spi:list:functions"
                  displayName="DecodeAndWriterProcess"
                  name="DecodeAndWriterProcess">
            <appliesTo/>
            <description/>
            <tags>.anonymous</tags>
            <generator>Informatica Process Designer 11</generator>
            <input>
               <parameter description="" name="Base64" required="true" type="string">
                  <options>
                     <option name="required">false</option>
                  </options>
               </parameter>
            </input>
            <tempFields>
               <field description="" name="writer" type="reference">
                  <options>
                     <option name="referenceTo">FileConnection-2:FileWriteTask</option>
                     <option name="required">false</option>
                     <option name="isCopy">true</option>
                     <option name="guid">6DBkMAZqwtEh10izZeRhiE</option>
                  </options>
               </field>
               <field description="" name="FileInfo" type="reference">
                  <options>
                     <option name="referenceTo">FileConnection-2:FileInformation</option>
                     <option name="required">false</option>
                     <option name="isCopy">true</option>
                     <option name="guid">6DBkMAZqwtEh10izZeRhiE</option>
                  </options>
               </field>
            </tempFields>
            <notes/>
            <deployment suspendOnFault="false" tracingLevel="verbose">
               <rest>
                  <allowAnonymousAccess/>
               </rest>
            </deployment>
            <flow id="a">
               <start id="b">
                  <link id="jtn5j7fv" targetId="ikst8s76"/>
               </start>
               <assignment id="ikst8s76">
                  <title>Assignment to File name, Plain File Content</title>
                  <operation source="formula" to="temp.writer[1]/content">
                     <expression language="XQuery">util:base64Decode($input.Base64 )</expression>
                  </operation>
                  <operation source="constant" to="temp.writer[1]/fileName">Test.txt</operation>
                  <link id="ikst8s78" targetId="c"/>
               </assignment>
               <service id="c">
                  <title>FileWriter</title>
                  <serviceName>FileConnection-2:FileWriter</serviceName>
                  <serviceGUID>6DBkMAZqwtEh10izZeRhiE</serviceGUID>
                  <serviceInput>
                     <parameter name="fileWriteTask" source="formula">
                        <expression language="XQuery">$temp.writer </expression>
                     </parameter>
                  </serviceInput>
                  <link id="ikst8s66" targetId="d"/>
               </service>
               <end id="d"/>
            </flow>
         </process>
      </types1:Entry>
      <types1:GUID>7eMIPrayqaNjVOGQjOXYGV</types1:GUID>
      <types1:DisplayName>DecodeAndWriterProcess</types1:DisplayName>
   </types1:Item>
   <types1:CurrentServerDateTime>2019-03-24T17:50:28.024Z</types1:CurrentServerDateTime>
</aetgt:getResponse>
