<aetgt:getResponse xmlns:aetgt="http://schemas.active-endpoints.com/appmodules/repository/2010/10/avrepository.xsd"
                   xmlns:types1="http://schemas.active-endpoints.com/appmodules/repository/2010/10/avrepository.xsd">
   <types1:Item>
      <types1:EntryId>qig0zFMi4tciSrZ-gt-444921-2019-03-24T16:03:46.267Z::conn.xml</types1:EntryId>
      <types1:Name>FileConnection-2</types1:Name>
      <types1:ParentFlowIds>wqwx8R8WrY1Sypm-gt-739909-2019-03-24T16:03:48.364Z::pd.xml</types1:ParentFlowIds>
      <types1:MimeType>application/xml+connection</types1:MimeType>
      <types1:Description/>
      <types1:AppliesTo/>
      <types1:Tags>.agent:inkl65icrtgcs06.informatica.com</types1:Tags>
      <types1:VersionLabel>1.0</types1:VersionLabel>
      <types1:State>CURRENT</types1:State>
      <types1:ProcessGroup/>
      <types1:CreatedBy>mkhan@informatica.onmicrosoft.com</types1:CreatedBy>
      <types1:CreationDate>2019-03-24T16:03:46Z</types1:CreationDate>
      <types1:ModifiedBy>mkhan@informatica.onmicrosoft.com</types1:ModifiedBy>
      <types1:ModificationDate>2019-03-24T17:50:00Z</types1:ModificationDate>
      <types1:PublicationStatus>out-of-date</types1:PublicationStatus>
      <types1:PublishedBy>mkhan@informatica.onmicrosoft.com</types1:PublishedBy>
      <types1:PublicationDate>2019-03-24T16:12:00Z</types1:PublicationDate>
      <types1:PublishedContributionId>project:/rt.connection/FileConnection-2/FileConnection-2.conn.xml</types1:PublishedContributionId>
      <types1:AutosaveExists>false</types1:AutosaveExists>
      <types1:Entry>
         <connection xmlns="http://schemas.informatica.com/socrates/data-services/2014/04/avosConnections.xsd"
                     displayName="FileConnection"
                     label="FileConnection-2"
                     name="FileConnection-2">
            <description/>
            <tags>.agent:inkl65icrtgcs06.informatica.com</tags>
            <agent>inkl65icrtgcs06.informatica.com</agent>
            <attributes/>
            <producers>
               <producer enabled="true" name="FileWriter" typeName="FileWriter">
                  <description>This event target creates a file with data.</description>
                  <attributes>
                     <attribute encrypted="false" name="directoryName" value="C:\temp"/>
                     <attribute encrypted="false" name="fileExist" value="Override"/>
                     <attribute encrypted="false" name="moveExisting" value=""/>
                     <attribute encrypted="false" name="eagerDeleteTargetFile" value="true"/>
                     <attribute encrypted="false" name="tempPrefix" value=""/>
                     <attribute encrypted="false" name="tempFileName" value=""/>
                     <attribute encrypted="false" name="forceWrites" value="true"/>
                     <attribute encrypted="false" name="bufferSize" value=""/>
                     <attribute encrypted="false" name="charset" value=""/>
                  </attributes>
               </producer>
            </producers>
            <javaConnector xmlns="http://schemas.informatica.com/appmodules/screenflow/2014/04/avosConnectors.xsd"
                           agentOnly="true"
                           plugin="Camel"
                           supportsConnectionTest="true"
                           supportsDataPreview="false"
                           supportsOData="false"
                           type="File"
                           uuid="ac000300-d9fe-11e4-8830-0800200c9a66">
               <description>Provides connections to file monitoring brokers.</description>
            </javaConnector>
         </connection>
      </types1:Entry>
      <types1:GUID>6DBkMAZqwtEh10izZeRhiE</types1:GUID>
      <types1:DisplayName>FileConnection</types1:DisplayName>
   </types1:Item>
   <types1:CurrentServerDateTime>2019-03-24T17:50:27.89Z</types1:CurrentServerDateTime>
</aetgt:getResponse>
