<aetgt:getResponse xmlns:aetgt="http://schemas.active-endpoints.com/appmodules/repository/2010/10/avrepository.xsd"
                   xmlns:types1="http://schemas.active-endpoints.com/appmodules/repository/2010/10/avrepository.xsd">
   <types1:Item>
      <types1:EntryId>jE7pppppppppppp-gt-21407651-2020-08-28T09:19:39.158Z::tf.xml</types1:EntryId>
      <types1:Name>Taskflow1</types1:Name>
      <types1:MimeType>application/xml+taskflow</types1:MimeType>
      <types1:Description/>
      <types1:AppliesTo/>
      <types1:Tags/>
      <types1:VersionLabel>1.0</types1:VersionLabel>
      <types1:State>CURRENT</types1:State>
      <types1:ProcessGroup/>
      <types1:CreatedBy>shaer.ahmed@pnmac.com.qa</types1:CreatedBy>
      <types1:CreationDate>2020-08-28T09:19:39Z</types1:CreationDate>
      <types1:ModifiedBy/>
      <types1:PublicationStatus>published</types1:PublicationStatus>
      <types1:PublishedBy>shaer.ahmed@pnmac.com.qa</types1:PublishedBy>
      <types1:PublicationDate>2020-08-28T09:19:45Z</types1:PublicationDate>
      <types1:PublishedContributionId>project:/tf.Taskflow1/Taskflow1.tf.xml</types1:PublishedContributionId>
      <types1:AutosaveExists>false</types1:AutosaveExists>
      <types1:Entry>
         <taskflow xmlns="http://schemas.active-endpoints.com/appmodules/screenflow/2010/10/avosScreenflow.xsd"
                   xmlns:list="urn:activevos:spi:list:functions"
                   displayName="Taskflow1"
                   name="Taskflow1"
                   overrideAPIName="false">
            <appliesTo/>
            <description/>
            <tags/>
            <generator>Informatica Process Designer 11</generator>
            <tempFields>
               <field description="" name="Command Task 1" type="reference">
                  <options>
                     <option name="referenceTo">$po:INFA-commandTask</option>
                  </options>
               </field>
            </tempFields>
            <notes/>
            <deployment suspendOnFault="false" tracingLevel="verbose">
               <rest/>
            </deployment>
            <flow id="a">
               <start id="b">
                  <link id="kee0xlf8" targetId="kee0xlfk"/>
               </start>
               <eventContainer id="kee0xlfk">
                  <service id="kee0xlf7">
                     <title>Command Task 1</title>
                     <serviceName>ICSExecuteCommandTask</serviceName>
                     <serviceGUID/>
                     <serviceInput>
                        <parameter name="Task Name" source="constant">Command Task 1</parameter>
                        <parameter name="Wait for Task to Complete" source="constant">true</parameter>
                        <parameter name="Runtime Environment" source="constant">010V7Q25000000000003:iics-sa-dw-windows-group</parameter>
                        <parameter name="Script Name" source="constant">C:\Users\informatica\lmp_support\INFA_API_Shared\API_External_Users\Scripts\external_users.bat</parameter>
                        <parameter name="Input Arguments" source="constant"/>
                        <parameter name="Work Directory" source="constant"/>
                        <parameter name="RuntimeEnvGUID" source="constant">eB5JKah1N0cc05WbkWUwoW</parameter>
                     </serviceInput>
                     <serviceOutput>
                        <operation source="field" to="temp.Command Task 1/output/Run_Id">Run Id</operation>
                        <operation source="field" to="temp.Command Task 1/output/Start_Time">Start Time</operation>
                        <operation source="field" to="temp.Command Task 1/output/End_Time">End Time</operation>
                        <operation source="field" to="temp.Command Task 1/output/Exit_Code">Exit Code</operation>
                        <operation source="field" to="temp.Command Task 1/output/Execution_Status">Execution Status</operation>
                        <operation source="field" to="temp.Command Task 1/output/Std_Error">Std Error</operation>
                     </serviceOutput>
                  </service>
                  <link id="kee0xlf9" targetId="c"/>
                  <events>
                     <catch faultField="temp.Command Task 1/fault"
                            id="kee0xlfj"
                            interrupting="true"
                            name="error">
                        <suspend/>
                     </catch>
                  </events>
               </eventContainer>
               <end id="c"/>
            </flow>
            <dependencies>
               <processObject xmlns="http://schemas.active-endpoints.com/appmodules/screenflow/2011/06/avosHostEnvironment.xsd"
                              displayName="INFA-commandTask"
                              isByCopy="true"
                              name="INFA-commandTask">
                  <description>This process object represents a taskflow specific command task output field details.</description>
                  <tags/>
                  <detail>
                     <field label="Output Parameters" name="output" type="reference"/>
                     <field label="Fault" name="fault" type="reference"/>
                  </detail>
               </processObject>
            </dependencies>
         </taskflow>
      </types1:Entry>
      <types1:GUID>48PtriC4c3EiDCHsYus0GL</types1:GUID>
      <types1:DisplayName>Taskflow1</types1:DisplayName>
   </types1:Item>
   <types1:CurrentServerDateTime>2020-09-04T04:29:22.026Z</types1:CurrentServerDateTime>
</aetgt:getResponse>
