objectPath,objectName,objectType,id
/Explore/DEP_PCG/DEP_PCG_ED_CORR_PROD_TRADE_MANAGEMENT,m_API_stg_PairOff,DTEMPLATE,2scAwGSfZsrclJ8W47oEO9
/Explore/DEP_PCG/DEP_PCG_ED_CONNECTORS_AND_CONNECTIONS,sc_GetTradeDtls,AI_SERVICE_CONNECTOR,5phiZCgs5QBio6ObvJozWH
/Explore/DEP_PCG/DEP_PCG_ED_CORR_PROD_TRADE_MANAGEMENT,t_trigger_trademng_json_script,MTT,99dF03IxjIfljvSkTftsM9
/Explore/DEP_PCG,DEP_PCG_ED_SHARED_ASSETS,Folder,lidW2FeKtiFiL7UaOgJy4a
/Explore/DEP_PCG/DEP_PCG_ED_CONNECTORS_AND_CONNECTIONS,ac-email-notification,AI_CONNECTION,9gC5XCXppMbg2vAmimpFwc
/Explore/DEP_PCG,DEP_PCG_ED_CORR_PROD_TRADE_MANAGEMENT,Folder,ipE90JBbBupe1PZNTgK0kf
/Explore/DEP_PCG/DEP_PCG_ED_CORR_PROD_TRADE_MANAGEMENT,m_dummy,DTEMPLATE,6N40Lw7RqKkcYNpIZrmsSM
/Explore,DEP_PCG,Project,7OvoKgtbVkMf38oTv6GaAC
/Explore/DEP_PCG/DEP_PCG_ED_CORR_PROD_TRADE_MANAGEMENT,m_Stage_to_Hub_CommitmentDetails,DTEMPLATE,7k0XM8gLH5ek2KqYPEWgMn
/Explore/DEP_PCG/DEP_PCG_ED_SHARED_ASSETS,PO-Response,PROCESS_OBJECT,12ObL0nqEyBbpPal45z2O8
/Explore/DEP_PCG/DEP_PCG_ED_CORR_PROD_TRADE_MANAGEMENT,p_API_SSVR_getTradeDetails_Mailroom,PROCESS,9ufZ2wYggKMcFFmIEGB8iO
/Explore/DEP_PCG/DEP_PCG_ED_CORR_PROD_TRADE_MANAGEMENT,t_trigger_trademng_archive,MTT,ke0gvMLjsQxeIe3Yu7fTaw
/Explore/DEP_PCG/DEP_PCG_ED_SHARED_ASSETS,p_Trigger_DI_Taskflow,PROCESS,ls1OtCYz9SzhPDrJShF96x
/Explore/DEP_PCG/DEP_PCG_ED_CONNECTORS_AND_CONNECTIONS,sc_GetTradeDtls-pipeline,AI_SERVICE_CONNECTOR,7QKOddUw6sJhehhcEK1VYG
/Explore/DEP_PCG/DEP_PCG_ED_CORR_PROD_TRADE_MANAGEMENT,p_tirgger_DI_taskflow_TradeManagement,PROCESS,8OshgaeDEdwbTSv1iY9XEA
/Explore/DEP_PCG/DEP_PCG_ED_CORR_PROD_TRADE_MANAGEMENT,t_directory_Check_Trade_Mgmt,MTT,9slaLp5ViNXfe3sPM7aN8R
/SYS,conn_ff_hub_read,Connection,673rOMRJv5Lg6scfLi4VQL
/SYS,conn_SSVR_EC2_clg_reporting_los_pcg,Connection,bJ0lodPSog7fPbBvvsdxWr
/Explore/DEP_PCG/DEP_PCG_ED_SHARED_ASSETS,m_email_trigger,DTEMPLATE,0cUutai51VYcmhCFuVGI83
/SYS,iics-sa-dw-windows-group,AgentGroup,81XSalIvyz7kD9kvOu87gH
/Explore/DEP_PCG/DEP_PCG_ED_CORR_PROD_TRADE_MANAGEMENT,t_API_stg_PairOffs,MTT,g2w4vqKYuYHdOUXQPY7W8u
/Explore/DEP_PCG/DEP_PCG_ED_SHARED_ASSETS,sp_email,PROCESS,g8XfFQ3CXazk0jwhgVBrON
/Explore/DEP_PCG/DEP_PCG_ED_CONNECTORS_AND_CONNECTIONS,ac-trade-pipeline-output,AI_CONNECTION,eff6AZa2OwWkhrXFs9irS9
/Explore/DEP_PCG/DEP_PCG_ED_CORR_PROD_TRADE_MANAGEMENT,t_trigger_PairOff_json_script,MTT,7vkPPGGmwW5cu2LRSe3tYK
/Explore/DEP_PCG/DEP_PCG_ED_CORR_PROD_TRADE_MANAGEMENT,t_Trade_email_trigger,MTT,a2Ob3NFcqhCkWy351RCcMO
/Explore/DEP_PCG/DEP_PCG_ED_CORR_PROD_TRADE_MANAGEMENT,t_API_Stg_Commitmentdetails,MTT,d6FqYD8YpAGblj79vTFbgy
/Explore/DEP_PCG/DEP_PCG_ED_CORR_PROD_TRADE_MANAGEMENT,tf_trade_Pairoff_Mailroom,TASKFLOW,6rIWXfubxCHgwdwB4VLaG4
/Explore/DEP_PCG/DEP_PCG_ED_CONNECTORS_AND_CONNECTIONS,ac-Trade-Pipeline,AI_CONNECTION,g5h3RIT2Ow5kFqfIFMC0Ql
/Explore/DEP_PCG/DEP_PCG_ED_CONNECTORS_AND_CONNECTIONS,ac-GetTradeDtls,AI_CONNECTION,6ARvwAyJ5LEhnSkAHYkKcB
/Explore/DEP_PCG/DEP_PCG_ED_SHARED_ASSETS,p_email_routine,PROCESS,giwQOa6qSEwctHA4oyFz21
/Explore/DEP_PCG,DEP_PCG_ED_CONNECTORS_AND_CONNECTIONS,Folder,6htHXnpKHcvbt0uTe1mvqb