{
  "name" : "DEP_PCG_ED_CORR_PROD_TRADE_MANAGEMENT-1600167008949",
  "sourceOrgId" : "f1Lt3JengEPi7JFvkUE6wS",
  "sourceOrgName" : "Pennymac (DEV)",
  "exportedObjects" : [ {
    "objectGuid" : "2scAwGSfZsrclJ8W47oEO9",
    "objectName" : "m_API_stg_PairOff",
    "objectType" : "DTEMPLATE",
    "path" : "/Explore/DEP_PCG/DEP_PCG_ED_CORR_PROD_TRADE_MANAGEMENT",
    "metadata" : {
      "modelVersion" : {
        "major" : 0,
        "minor" : 0
      },
      "repoInfo" : {
        "repoHandle" : "010TR1170000000003HN"
      },
      "objectRefs" : [ "bJ0lodPSog7fPbBvvsdxWr" ],
      "contextAttributes" : [ {
        "name" : "id",
        "value" : "@1"
      } ],
      "additionalInfo" : {
        "description" : "",
        "contentType" : "JSON",
        "documentState" : "VALID"
      }
    }
  }, {
    "objectGuid" : "5phiZCgs5QBio6ObvJozWH",
    "objectName" : "sc_GetTradeDtls",
    "objectType" : "AI_SERVICE_CONNECTOR",
    "path" : "/Explore/DEP_PCG/DEP_PCG_ED_CONNECTORS_AND_CONNECTIONS",
    "metadata" : {
      "modelVersion" : {
        "major" : 1,
        "minor" : 0
      },
      "repoInfo" : {
        "repoHandle" : "kVL3C7snSDg8SOl-gt-8353213-2020-03-06T10:39:20.166Z::svc.xml"
      },
      "objectRefs" : [ ],
      "contextAttributes" : null,
      "additionalInfo" : {
        "description" : "",
        "contentType" : "application/json; charset=utf-8",
        "documentState" : "VALID"
      }
    }
  }, {
    "objectGuid" : "99dF03IxjIfljvSkTftsM9",
    "objectName" : "t_trigger_trademng_json_script",
    "objectType" : "MTT",
    "path" : "/Explore/DEP_PCG/DEP_PCG_ED_CORR_PROD_TRADE_MANAGEMENT",
    "metadata" : {
      "modelVersion" : {
        "major" : 0,
        "minor" : 0
      },
      "repoInfo" : {
        "repoHandle" : "010TR10Z0000000005D6"
      },
      "objectRefs" : [ "bJ0lodPSog7fPbBvvsdxWr", "81XSalIvyz7kD9kvOu87gH", "6N40Lw7RqKkcYNpIZrmsSM" ],
      "contextAttributes" : [ {
        "name" : "id",
        "value" : "@1"
      } ],
      "additionalInfo" : {
        "description" : "",
        "contentType" : "JSON",
        "documentState" : "VALID"
      }
    }
  }, {
    "objectGuid" : "lidW2FeKtiFiL7UaOgJy4a",
    "objectName" : "DEP_PCG_ED_SHARED_ASSETS",
    "objectType" : "Folder",
    "path" : "/Explore/DEP_PCG",
    "metadata" : {
      "modelVersion" : {
        "major" : 0,
        "minor" : 0
      },
      "repoInfo" : null,
      "objectRefs" : [ ],
      "contextAttributes" : [ ],
      "additionalInfo" : {
        "description" : "",
        "contentType" : "Binary",
        "documentState" : "COMPLETE"
      }
    }
  }, {
    "objectGuid" : "9gC5XCXppMbg2vAmimpFwc",
    "objectName" : "ac-email-notification",
    "objectType" : "AI_CONNECTION",
    "path" : "/Explore/DEP_PCG/DEP_PCG_ED_CONNECTORS_AND_CONNECTIONS",
    "metadata" : {
      "modelVersion" : {
        "major" : 1,
        "minor" : 0
      },
      "repoInfo" : {
        "repoHandle" : "6UuINciZBpDUQbg-gt-91936-2020-07-29T06:49:01.931Z::conn.xml"
      },
      "objectRefs" : [ ],
      "contextAttributes" : null,
      "additionalInfo" : {
        "description" : "",
        "contentType" : "application/json; charset=utf-8",
        "documentState" : "VALID"
      }
    }
  }, {
    "objectGuid" : "ipE90JBbBupe1PZNTgK0kf",
    "objectName" : "DEP_PCG_ED_CORR_PROD_TRADE_MANAGEMENT",
    "objectType" : "Folder",
    "path" : "/Explore/DEP_PCG",
    "metadata" : {
      "modelVersion" : {
        "major" : 0,
        "minor" : 0
      },
      "repoInfo" : null,
      "objectRefs" : [ ],
      "contextAttributes" : [ ],
      "additionalInfo" : {
        "description" : "",
        "contentType" : "Binary",
        "documentState" : "COMPLETE"
      }
    }
  }, {
    "objectGuid" : "6N40Lw7RqKkcYNpIZrmsSM",
    "objectName" : "m_dummy",
    "objectType" : "DTEMPLATE",
    "path" : "/Explore/DEP_PCG/DEP_PCG_ED_CORR_PROD_TRADE_MANAGEMENT",
    "metadata" : {
      "modelVersion" : {
        "major" : 0,
        "minor" : 0
      },
      "repoInfo" : {
        "repoHandle" : "010TR11700000000036U"
      },
      "objectRefs" : [ "bJ0lodPSog7fPbBvvsdxWr" ],
      "contextAttributes" : [ {
        "name" : "id",
        "value" : "@1"
      } ],
      "additionalInfo" : {
        "description" : "",
        "contentType" : "JSON",
        "documentState" : "VALID"
      }
    }
  }, {
    "objectGuid" : "7OvoKgtbVkMf38oTv6GaAC",
    "objectName" : "DEP_PCG",
    "objectType" : "Project",
    "path" : "/Explore",
    "metadata" : {
      "modelVersion" : {
        "major" : 0,
        "minor" : 0
      },
      "repoInfo" : null,
      "objectRefs" : [ ],
      "contextAttributes" : [ ],
      "additionalInfo" : {
        "description" : "",
        "contentType" : "Binary",
        "documentState" : "COMPLETE"
      }
    }
  }, {
    "objectGuid" : "7k0XM8gLH5ek2KqYPEWgMn",
    "objectName" : "m_Stage_to_Hub_CommitmentDetails",
    "objectType" : "DTEMPLATE",
    "path" : "/Explore/DEP_PCG/DEP_PCG_ED_CORR_PROD_TRADE_MANAGEMENT",
    "metadata" : {
      "modelVersion" : {
        "major" : 0,
        "minor" : 0
      },
      "repoInfo" : {
        "repoHandle" : "010TR1170000000003EM"
      },
      "objectRefs" : [ "bJ0lodPSog7fPbBvvsdxWr" ],
      "contextAttributes" : [ {
        "name" : "id",
        "value" : "@1"
      } ],
      "additionalInfo" : {
        "description" : "This mapping has a post SQL command to update the TESTLOANFLAG to Y or N looking up with LOS_PCG.TESTCLIENT Table.\n\n",
        "contentType" : "JSON",
        "documentState" : "VALID"
      }
    }
  }, {
    "objectGuid" : "12ObL0nqEyBbpPal45z2O8",
    "objectName" : "PO-Response",
    "objectType" : "PROCESS_OBJECT",
    "path" : "/Explore/DEP_PCG/DEP_PCG_ED_SHARED_ASSETS",
    "metadata" : {
      "modelVersion" : {
        "major" : 1,
        "minor" : 0
      },
      "repoInfo" : {
        "repoHandle" : "7FNBeNTYglxbdyp-gt-12661562-2020-09-09T05:48:52.951Z::po.xml"
      },
      "objectRefs" : [ ],
      "contextAttributes" : null,
      "additionalInfo" : {
        "description" : "",
        "contentType" : "application/json; charset=utf-8",
        "documentState" : "VALID"
      }
    }
  }, {
    "objectGuid" : "9ufZ2wYggKMcFFmIEGB8iO",
    "objectName" : "p_API_SSVR_getTradeDetails_Mailroom",
    "objectType" : "PROCESS",
    "path" : "/Explore/DEP_PCG/DEP_PCG_ED_CORR_PROD_TRADE_MANAGEMENT",
    "metadata" : {
      "modelVersion" : {
        "major" : 1,
        "minor" : 0
      },
      "repoInfo" : {
        "repoHandle" : "Kymbduaa-gt-5628074-2020-08-24T11:00:44.595Z::pd.xml"
      },
      "objectRefs" : [ "g5h3RIT2Ow5kFqfIFMC0Ql", "giwQOa6qSEwctHA4oyFz21", "6ARvwAyJ5LEhnSkAHYkKcB", "eff6AZa2OwWkhrXFs9irS9", "12ObL0nqEyBbpPal45z2O8" ],
      "contextAttributes" : null,
      "additionalInfo" : {
        "description" : "",
        "contentType" : "application/json; charset=utf-8",
        "documentState" : "VALID"
      }
    }
  }, {
    "objectGuid" : "ke0gvMLjsQxeIe3Yu7fTaw",
    "objectName" : "t_trigger_trademng_archive",
    "objectType" : "MTT",
    "path" : "/Explore/DEP_PCG/DEP_PCG_ED_CORR_PROD_TRADE_MANAGEMENT",
    "metadata" : {
      "modelVersion" : {
        "major" : 0,
        "minor" : 0
      },
      "repoInfo" : {
        "repoHandle" : "010TR10Z0000000005DC"
      },
      "objectRefs" : [ "bJ0lodPSog7fPbBvvsdxWr", "81XSalIvyz7kD9kvOu87gH", "6N40Lw7RqKkcYNpIZrmsSM" ],
      "contextAttributes" : [ {
        "name" : "id",
        "value" : "@1"
      } ],
      "additionalInfo" : {
        "description" : "",
        "contentType" : "JSON",
        "documentState" : "VALID"
      }
    }
  }, {
    "objectGuid" : "ls1OtCYz9SzhPDrJShF96x",
    "objectName" : "p_Trigger_DI_Taskflow",
    "objectType" : "PROCESS",
    "path" : "/Explore/DEP_PCG/DEP_PCG_ED_SHARED_ASSETS",
    "metadata" : {
      "modelVersion" : {
        "major" : 1,
        "minor" : 0
      },
      "repoInfo" : {
        "repoHandle" : "CJduDpppppppppp-gt-25698584-2020-08-24T08:57:48.453Z::pd.xml"
      },
      "objectRefs" : [ ],
      "contextAttributes" : null,
      "additionalInfo" : {
        "description" : "",
        "contentType" : "application/json; charset=utf-8",
        "documentState" : "VALID"
      }
    }
  }, {
    "objectGuid" : "7QKOddUw6sJhehhcEK1VYG",
    "objectName" : "sc_GetTradeDtls-pipeline",
    "objectType" : "AI_SERVICE_CONNECTOR",
    "path" : "/Explore/DEP_PCG/DEP_PCG_ED_CONNECTORS_AND_CONNECTIONS",
    "metadata" : {
      "modelVersion" : {
        "major" : 1,
        "minor" : 0
      },
      "repoInfo" : {
        "repoHandle" : "kXZ5Hhwq9bdsreK-gt-9594042-2020-03-06T10:39:17.167Z::svc.xml"
      },
      "objectRefs" : [ ],
      "contextAttributes" : null,
      "additionalInfo" : {
        "description" : "",
        "contentType" : "application/json; charset=utf-8",
        "documentState" : "VALID"
      }
    }
  }, {
    "objectGuid" : "8OshgaeDEdwbTSv1iY9XEA",
    "objectName" : "p_tirgger_DI_taskflow_TradeManagement",
    "objectType" : "PROCESS",
    "path" : "/Explore/DEP_PCG/DEP_PCG_ED_CORR_PROD_TRADE_MANAGEMENT",
    "metadata" : {
      "modelVersion" : {
        "major" : 1,
        "minor" : 0
      },
      "repoInfo" : {
        "repoHandle" : "Tm8lnCmp6oIuQaa-gt-30260766-2020-09-03T04:28:22.736Z::pd.xml"
      },
      "objectRefs" : [ "giwQOa6qSEwctHA4oyFz21", "ls1OtCYz9SzhPDrJShF96x" ],
      "contextAttributes" : null,
      "additionalInfo" : {
        "description" : "",
        "contentType" : "application/json; charset=utf-8",
        "documentState" : "VALID"
      }
    }
  }, {
    "objectGuid" : "9slaLp5ViNXfe3sPM7aN8R",
    "objectName" : "t_directory_Check_Trade_Mgmt",
    "objectType" : "MTT",
    "path" : "/Explore/DEP_PCG/DEP_PCG_ED_CORR_PROD_TRADE_MANAGEMENT",
    "metadata" : {
      "modelVersion" : {
        "major" : 0,
        "minor" : 0
      },
      "repoInfo" : {
        "repoHandle" : "010TR10Z0000000005JB"
      },
      "objectRefs" : [ "bJ0lodPSog7fPbBvvsdxWr", "81XSalIvyz7kD9kvOu87gH", "6N40Lw7RqKkcYNpIZrmsSM" ],
      "contextAttributes" : [ {
        "name" : "id",
        "value" : "@1"
      } ],
      "additionalInfo" : {
        "description" : "",
        "contentType" : "JSON",
        "documentState" : "VALID"
      }
    }
  }, {
    "objectGuid" : "673rOMRJv5Lg6scfLi4VQL",
    "objectName" : "conn_ff_hub_read",
    "objectType" : "Connection",
    "path" : "/SYS",
    "metadata" : {
      "modelVersion" : {
        "major" : 0,
        "minor" : 0
      },
      "repoInfo" : {
        "repoHandle" : "010TR10B0000000000BI"
      },
      "objectRefs" : [ "81XSalIvyz7kD9kvOu87gH" ],
      "contextAttributes" : [ {
        "name" : "id",
        "value" : "@1"
      } ],
      "additionalInfo" : {
        "description" : null,
        "contentType" : "JSON",
        "documentState" : "COMPLETE"
      }
    }
  }, {
    "objectGuid" : "bJ0lodPSog7fPbBvvsdxWr",
    "objectName" : "conn_SSVR_EC2_clg_reporting_los_pcg",
    "objectType" : "Connection",
    "path" : "/SYS",
    "metadata" : {
      "modelVersion" : {
        "major" : 0,
        "minor" : 0
      },
      "repoInfo" : {
        "repoHandle" : "010TR10B000000000068"
      },
      "objectRefs" : [ "81XSalIvyz7kD9kvOu87gH" ],
      "contextAttributes" : [ {
        "name" : "id",
        "value" : "@1"
      } ],
      "additionalInfo" : {
        "description" : null,
        "contentType" : "JSON",
        "documentState" : "COMPLETE"
      }
    }
  }, {
    "objectGuid" : "0cUutai51VYcmhCFuVGI83",
    "objectName" : "m_email_trigger",
    "objectType" : "DTEMPLATE",
    "path" : "/Explore/DEP_PCG/DEP_PCG_ED_SHARED_ASSETS",
    "metadata" : {
      "modelVersion" : {
        "major" : 0,
        "minor" : 0
      },
      "repoInfo" : {
        "repoHandle" : "010TR11700000000074I"
      },
      "objectRefs" : [ "673rOMRJv5Lg6scfLi4VQL" ],
      "contextAttributes" : [ {
        "name" : "id",
        "value" : "@1"
      } ],
      "additionalInfo" : {
        "description" : "",
        "contentType" : "JSON",
        "documentState" : "VALID"
      }
    }
  }, {
    "objectGuid" : "81XSalIvyz7kD9kvOu87gH",
    "objectName" : "iics-sa-dw-windows-group",
    "objectType" : "AgentGroup",
    "path" : "/SYS",
    "metadata" : {
      "modelVersion" : {
        "major" : 0,
        "minor" : 0
      },
      "repoInfo" : {
        "repoHandle" : "010TR12500000000001Q"
      },
      "objectRefs" : [ ],
      "contextAttributes" : [ {
        "name" : "id",
        "value" : "@1"
      } ],
      "additionalInfo" : {
        "description" : null,
        "contentType" : "JSON",
        "documentState" : "VALID"
      }
    }
  }, {
    "objectGuid" : "g2w4vqKYuYHdOUXQPY7W8u",
    "objectName" : "t_API_stg_PairOffs",
    "objectType" : "MTT",
    "path" : "/Explore/DEP_PCG/DEP_PCG_ED_CORR_PROD_TRADE_MANAGEMENT",
    "metadata" : {
      "modelVersion" : {
        "major" : 0,
        "minor" : 0
      },
      "repoInfo" : {
        "repoHandle" : "010TR10Z0000000005EA"
      },
      "objectRefs" : [ "bJ0lodPSog7fPbBvvsdxWr", "2scAwGSfZsrclJ8W47oEO9", "81XSalIvyz7kD9kvOu87gH" ],
      "contextAttributes" : [ {
        "name" : "id",
        "value" : "@1"
      } ],
      "additionalInfo" : {
        "description" : "",
        "contentType" : "JSON",
        "documentState" : "VALID"
      }
    }
  }, {
    "objectGuid" : "g8XfFQ3CXazk0jwhgVBrON",
    "objectName" : "sp_email",
    "objectType" : "PROCESS",
    "path" : "/Explore/DEP_PCG/DEP_PCG_ED_SHARED_ASSETS",
    "metadata" : {
      "modelVersion" : {
        "major" : 1,
        "minor" : 0
      },
      "repoInfo" : {
        "repoHandle" : "17k4AdypKwKBqRi-gt-35251000-2020-08-28T17:21:28.848Z::pd.xml"
      },
      "objectRefs" : [ "9gC5XCXppMbg2vAmimpFwc" ],
      "contextAttributes" : null,
      "additionalInfo" : {
        "description" : "",
        "contentType" : "application/json; charset=utf-8",
        "documentState" : "VALID"
      }
    }
  }, {
    "objectGuid" : "eff6AZa2OwWkhrXFs9irS9",
    "objectName" : "ac-trade-pipeline-output",
    "objectType" : "AI_CONNECTION",
    "path" : "/Explore/DEP_PCG/DEP_PCG_ED_CONNECTORS_AND_CONNECTIONS",
    "metadata" : {
      "modelVersion" : {
        "major" : 1,
        "minor" : 0
      },
      "repoInfo" : {
        "repoHandle" : "ZfXKkfUryzfYtjC-gt-387887-2020-02-27T09:25:12.831Z::conn.xml"
      },
      "objectRefs" : [ ],
      "contextAttributes" : null,
      "additionalInfo" : {
        "description" : "",
        "contentType" : "application/json; charset=utf-8",
        "documentState" : "VALID"
      }
    }
  }, {
    "objectGuid" : "7vkPPGGmwW5cu2LRSe3tYK",
    "objectName" : "t_trigger_PairOff_json_script",
    "objectType" : "MTT",
    "path" : "/Explore/DEP_PCG/DEP_PCG_ED_CORR_PROD_TRADE_MANAGEMENT",
    "metadata" : {
      "modelVersion" : {
        "major" : 0,
        "minor" : 0
      },
      "repoInfo" : {
        "repoHandle" : "010TR10Z0000000005E2"
      },
      "objectRefs" : [ "bJ0lodPSog7fPbBvvsdxWr", "81XSalIvyz7kD9kvOu87gH", "6N40Lw7RqKkcYNpIZrmsSM" ],
      "contextAttributes" : [ {
        "name" : "id",
        "value" : "@1"
      } ],
      "additionalInfo" : {
        "description" : "",
        "contentType" : "JSON",
        "documentState" : "VALID"
      }
    }
  }, {
    "objectGuid" : "a2Ob3NFcqhCkWy351RCcMO",
    "objectName" : "t_Trade_email_trigger",
    "objectType" : "MTT",
    "path" : "/Explore/DEP_PCG/DEP_PCG_ED_CORR_PROD_TRADE_MANAGEMENT",
    "metadata" : {
      "modelVersion" : {
        "major" : 0,
        "minor" : 0
      },
      "repoInfo" : {
        "repoHandle" : "010TR10Z000000000AO2"
      },
      "objectRefs" : [ "673rOMRJv5Lg6scfLi4VQL", "0cUutai51VYcmhCFuVGI83", "81XSalIvyz7kD9kvOu87gH" ],
      "contextAttributes" : [ {
        "name" : "id",
        "value" : "@1"
      } ],
      "additionalInfo" : {
        "description" : "",
        "contentType" : "JSON",
        "documentState" : "VALID"
      }
    }
  }, {
    "objectGuid" : "d6FqYD8YpAGblj79vTFbgy",
    "objectName" : "t_API_Stg_Commitmentdetails",
    "objectType" : "MTT",
    "path" : "/Explore/DEP_PCG/DEP_PCG_ED_CORR_PROD_TRADE_MANAGEMENT",
    "metadata" : {
      "modelVersion" : {
        "major" : 0,
        "minor" : 0
      },
      "repoInfo" : {
        "repoHandle" : "010TR10Z0000000005FA"
      },
      "objectRefs" : [ "bJ0lodPSog7fPbBvvsdxWr", "81XSalIvyz7kD9kvOu87gH", "7k0XM8gLH5ek2KqYPEWgMn" ],
      "contextAttributes" : [ {
        "name" : "id",
        "value" : "@1"
      } ],
      "additionalInfo" : {
        "description" : "This mapping has a post SQL command to update the TESTLOANFLAG to Y or N looking up with LOS_PCG.TESTCLIENT Table.",
        "contentType" : "JSON",
        "documentState" : "VALID"
      }
    }
  }, {
    "objectGuid" : "6rIWXfubxCHgwdwB4VLaG4",
    "objectName" : "tf_trade_Pairoff_Mailroom",
    "objectType" : "TASKFLOW",
    "path" : "/Explore/DEP_PCG/DEP_PCG_ED_CORR_PROD_TRADE_MANAGEMENT",
    "metadata" : {
      "modelVersion" : {
        "major" : 1,
        "minor" : 0
      },
      "repoInfo" : {
        "repoHandle" : "358pIO3M4WwOC2X-gt-17255351-2020-08-25T05:33:41.871Z::tf.xml"
      },
      "objectRefs" : [ "99dF03IxjIfljvSkTftsM9", "ke0gvMLjsQxeIe3Yu7fTaw", "g2w4vqKYuYHdOUXQPY7W8u", "7vkPPGGmwW5cu2LRSe3tYK", "a2Ob3NFcqhCkWy351RCcMO", "d6FqYD8YpAGblj79vTFbgy" ],
      "contextAttributes" : null,
      "additionalInfo" : {
        "description" : "",
        "contentType" : "application/json; charset=utf-8",
        "documentState" : "VALID"
      }
    }
  }, {
    "objectGuid" : "g5h3RIT2Ow5kFqfIFMC0Ql",
    "objectName" : "ac-Trade-Pipeline",
    "objectType" : "AI_CONNECTION",
    "path" : "/Explore/DEP_PCG/DEP_PCG_ED_CONNECTORS_AND_CONNECTIONS",
    "metadata" : {
      "modelVersion" : {
        "major" : 1,
        "minor" : 0
      },
      "repoInfo" : {
        "repoHandle" : "R0XabeAzu2JQhtG-gt-1398612-2020-02-28T06:12:42.707Z::conn.xml"
      },
      "objectRefs" : [ "7QKOddUw6sJhehhcEK1VYG" ],
      "contextAttributes" : null,
      "additionalInfo" : {
        "description" : "",
        "contentType" : "application/json; charset=utf-8",
        "documentState" : "VALID"
      }
    }
  }, {
    "objectGuid" : "6ARvwAyJ5LEhnSkAHYkKcB",
    "objectName" : "ac-GetTradeDtls",
    "objectType" : "AI_CONNECTION",
    "path" : "/Explore/DEP_PCG/DEP_PCG_ED_CONNECTORS_AND_CONNECTIONS",
    "metadata" : {
      "modelVersion" : {
        "major" : 1,
        "minor" : 0
      },
      "repoInfo" : {
        "repoHandle" : "cjumf6S3wOLIFvu-gt-1669198-2020-02-28T06:12:43.039Z::conn.xml"
      },
      "objectRefs" : [ "5phiZCgs5QBio6ObvJozWH" ],
      "contextAttributes" : null,
      "additionalInfo" : {
        "description" : "",
        "contentType" : "application/json; charset=utf-8",
        "documentState" : "VALID"
      }
    }
  }, {
    "objectGuid" : "giwQOa6qSEwctHA4oyFz21",
    "objectName" : "p_email_routine",
    "objectType" : "PROCESS",
    "path" : "/Explore/DEP_PCG/DEP_PCG_ED_SHARED_ASSETS",
    "metadata" : {
      "modelVersion" : {
        "major" : 1,
        "minor" : 0
      },
      "repoInfo" : {
        "repoHandle" : "0rpC18ypmaaa-gt-91529-2020-07-29T06:47:49.991Z::pd.xml"
      },
      "objectRefs" : [ "9gC5XCXppMbg2vAmimpFwc", "g8XfFQ3CXazk0jwhgVBrON" ],
      "contextAttributes" : null,
      "additionalInfo" : {
        "description" : "A generic process which can be used to send success/failure email notifications",
        "contentType" : "application/json; charset=utf-8",
        "documentState" : "VALID"
      }
    }
  }, {
    "objectGuid" : "6htHXnpKHcvbt0uTe1mvqb",
    "objectName" : "DEP_PCG_ED_CONNECTORS_AND_CONNECTIONS",
    "objectType" : "Folder",
    "path" : "/Explore/DEP_PCG",
    "metadata" : {
      "modelVersion" : {
        "major" : 0,
        "minor" : 0
      },
      "repoInfo" : null,
      "objectRefs" : [ ],
      "contextAttributes" : [ ],
      "additionalInfo" : {
        "description" : "",
        "contentType" : "Binary",
        "documentState" : "COMPLETE"
      }
    }
  } ]
}