{
  "name" : "DecodeFunctionSample",
  "sourceOrgId" : "a3DoNrN3gt6jt2kYNN1eAf",
  "sourceOrgName" : "Informatica Corporation",
  "exportedObjects" : [ {
    "objectGuid" : "6DBkMAZqwtEh10izZeRhiE",
    "objectName" : "FileConnection",
    "objectType" : "AI_CONNECTION",
    "path" : "/Explore/DecodeFunctionSample",
    "metadata" : {
      "modelVersion" : {
        "major" : 1,
        "minor" : 0
      },
      "repoInfo" : {
        "repoHandle" : "qig0zFMi4tciSrZ-gt-444921-2019-03-24T16:03:46.267Z::conn.xml"
      },
      "objectRefs" : [ ],
      "contextAttributes" : null,
      "additionalInfo" : {
        "description" : "",
        "contentType" : "application/json; charset=utf-8",
        "documentState" : "VALID"
      }
    }
  }, {
    "objectGuid" : "7eMIPrayqaNjVOGQjOXYGV",
    "objectName" : "DecodeAndWriterProcess",
    "objectType" : "PROCESS",
    "path" : "/Explore/DecodeFunctionSample",
    "metadata" : {
      "modelVersion" : {
        "major" : 1,
        "minor" : 0
      },
      "repoInfo" : {
        "repoHandle" : "wqwx8R8WrY1Sypm-gt-739909-2019-03-24T16:03:48.364Z::pd.xml"
      },
      "objectRefs" : [ "6DBkMAZqwtEh10izZeRhiE" ],
      "contextAttributes" : null,
      "additionalInfo" : {
        "description" : "",
        "contentType" : "application/json; charset=utf-8",
        "documentState" : "VALID"
      }
    }
  }, {
    "objectGuid" : "fZpimJXYlc1b31EODDfUGr",
    "objectName" : "DecodeFunctionSample",
    "objectType" : "Project",
    "path" : "/Explore",
    "metadata" : {
      "modelVersion" : {
        "major" : 0,
        "minor" : 0
      },
      "repoInfo" : null,
      "objectRefs" : [ ],
      "contextAttributes" : [ ],
      "additionalInfo" : {
        "description" : "",
        "contentType" : "Binary",
        "documentState" : "COMPLETE"
      }
    }
  } ]
}