<process xmlns="http://schemas.active-endpoints.com/appmodules/screenflow/2010/10/avosScreenflow.xsd" xmlns:types1="http://schemas.active-endpoints.com/appmodules/repository/2010/10/avrepository.xsd" xmlns:aetgt="http://schemas.active-endpoints.com/appmodules/repository/2010/10/avrepository.xsd" xmlns:list="urn:activevos:spi:list:functions" name="UpdateEmployee"><appliesTo/><description/><tags>.anonymous</tags><generator>Informatica Process Designer 8</generator><tempFields><field name="EmployeeObject" type="reference"><options><option name="referenceTo">BharathOracle:EMPLOYEE</option><option name="required">false</option><option name="isCopy">true</option></options></field></tempFields><notes/><deployment suspendOnFault="false" tracingLevel="none"><rest><allowAnonymousAccess/></rest></deployment><flow id="a"><start id="b"><link id="link1" targetId="c"/></start><assignment id="c"><title>Step 1: Assignment to EmployeeObject</title><operation source="query" to="temp.EmployeeObject"><query from="BharathOracle:EMPLOYEE"><where>EMP_ID = '012345'</where></query></operation><link id="j8tsd7jd" targetId="j8tsd7jc"/></assignment><assignment id="j8tsd7jc"><title>Step 2: Assignment to LAST_NAME</title><operation source="constant" to="temp.EmployeeObject[1]/LAST_NAME">Smith</operation><link id="j8tsd7je" targetId="d"/></assignment><end id="d"/></flow></process>