<process xmlns="http://schemas.active-endpoints.com/appmodules/screenflow/2010/10/avosScreenflow.xsd" xmlns:types1="http://schemas.active-endpoints.com/appmodules/repository/2010/10/avrepository.xsd" xmlns:aetgt="http://schemas.active-endpoints.com/appmodules/repository/2010/10/avrepository.xsd" xmlns:list="urn:activevos:spi:list:functions" name="WrapperUpdateEmployee"><appliesTo/><description/><tags>.anonymous</tags><generator>Informatica Process Designer 8</generator><notes/><deployment suspendOnFault="false" tracingLevel="none"><rest><allowAnonymousAccess/></rest></deployment><flow id="a"><start id="b"><link id="link1" targetId="j8tsgzmk"/></start><eventContainer id="j8tsgzmk"><subflow id="c"><title>UpdateEmployee</title><subflowPath>UpdateEmployee</subflowPath><runForEach>false</runForEach><input/><outputDef/></subflow><flow id="j8tsgzmn"><link id="j8tsgzmo" targetId="j8tsgzmk" type="containerLink"/></flow><flow id="j8tsgzmr"><service id="j8tsgzmq"><title>Send Email with the error in assignment step</title><serviceName>Salesforce:sfSendFreeFormEmailService</serviceName><serviceInput><parameter name="Subject" source="constant">Error in the Employee update Step.</parameter><parameter name="Body" source="constant">&lt;p&gt;Error in the Employee update Step 2 of process "UpdateEmployee"&lt;/p&gt;
&lt;p&gt;&amp;nbsp;&lt;/p&gt;
&lt;p&gt;Faut Code:&lt;/p&gt;
&lt;p&gt;{$output.faultInfo[1]/code}&lt;/p&gt;
&lt;p&gt;Fault Reason:&lt;/p&gt;
&lt;p&gt;{$output.faultInfo[1]/reason}&lt;/p&gt;
&lt;p&gt;Fault Detail:&lt;/p&gt;
&lt;p&gt;{$output.faultInfo[1]/detail}&lt;/p&gt;</parameter><parameter name="Recipient Address" source="constant">xxx@xxx.com</parameter></serviceInput></service><link id="j8tsgzms" targetId="j8tsgzmk" type="containerLink"/></flow><link id="j8tsgzml" targetId="j8tsgzmn" type="containerLink"/><link id="link2" targetId="d"/><events><catch faultField="faultInfo" id="j8tsgzmi" interrupting="true"><link id="j8tsgzmp" targetId="j8tsgzmr" type="containerLink"/></catch></events></eventContainer><end id="d"/></flow></process>