<aetgt:getResponse xmlns:aetgt="http://schemas.active-endpoints.com/appmodules/repository/2010/10/avrepository.xsd"
                   xmlns:types1="http://schemas.active-endpoints.com/appmodules/repository/2010/10/avrepository.xsd">
   <types1:Item>
      <types1:EntryId>Kymbduaa-gt-5628074-2020-08-24T11:00:44.595Z::pd.xml</types1:EntryId>
      <types1:Name>p_API_SSVR_getTradeDetails_Mailroom</types1:Name>
      <types1:ParentFlowIds>t3qpNz6HKoJBUht-gt-9282467-2020-09-01T19:40:39.314Z::pd.xml</types1:ParentFlowIds>
      <types1:MimeType>application/xml+process</types1:MimeType>
      <types1:Description/>
      <types1:AppliesTo/>
      <types1:Tags/>
      <types1:VersionLabel>1.0</types1:VersionLabel>
      <types1:State>CURRENT</types1:State>
      <types1:ProcessGroup/>
      <types1:CreatedBy>harikrishna.perli@pnmac.com.saml.dev</types1:CreatedBy>
      <types1:CreationDate>2020-08-24T11:00:45Z</types1:CreationDate>
      <types1:ModifiedBy>sravani.diguva@pnmac.com.saml.dev</types1:ModifiedBy>
      <types1:ModificationDate>2020-09-14T15:06:16Z</types1:ModificationDate>
      <types1:PublicationStatus>out-of-date</types1:PublicationStatus>
      <types1:PublishedBy>sravani.diguva@pnmac.com.saml.dev</types1:PublishedBy>
      <types1:PublicationDate>2020-09-14T11:34:51Z</types1:PublicationDate>
      <types1:PublishedContributionId>project:/spi.p_API_SSVR_getTradeDetails_Mailroom/p_API_SSVR_getTradeDetails_Mailroom.pd.xml</types1:PublishedContributionId>
      <types1:AutosaveExists>false</types1:AutosaveExists>
      <types1:Entry>
         <process xmlns="http://schemas.active-endpoints.com/appmodules/screenflow/2010/10/avosScreenflow.xsd"
                  xmlns:list="urn:activevos:spi:list:functions"
                  displayName="p_API_SSVR_getTradeDetails_Mailroom"
                  name="p_API_SSVR_getTradeDetails_Mailroom"
                  overrideAPIName="false">
            <appliesTo/>
            <description/>
            <tags/>
            <generator>Informatica Process Designer 11</generator>
            <input>
               <parameter description="" name="tradeId" required="true" type="string">
                  <options>
                     <option name="required">false</option>
                  </options>
               </parameter>
            </input>
            <output>
               <field description="" name="Response" type="reference">
                  <options>
                     <option name="referenceTo">$po:PO-Response</option>
                     <option name="required">false</option>
                     <option name="isCopy">true</option>
                     <option name="guid">12ObL0nqEyBbpPal45z2O8</option>
                  </options>
               </field>
            </output>
            <tempFields>
               <field description="" name="filewriter" type="reference">
                  <options>
                     <option name="referenceTo">ac-trade-pipeline-output:FileWriteTask</option>
                     <option name="required">false</option>
                     <option name="isCopy">true</option>
                     <option name="guid">eff6AZa2OwWkhrXFs9irS9</option>
                  </options>
               </field>
               <field description="" name="TradeOP" type="string">
                  <options>
                     <option name="required">false</option>
                  </options>
               </field>
               <field description="" name="setProcTitle" type="string">
                  <options>
                     <option name="required">false</option>
                  </options>
               </field>
               <field description="" name="tmp_catalogFile" type="string">
                  <options>
                     <option name="required">false</option>
                  </options>
               </field>
               <field description="" name="tmp_token" type="string">
                  <options>
                     <option name="required">false</option>
                  </options>
               </field>
               <field description="" name="tmp_retryCounter" type="int">
                  <options>
                     <option name="required">false</option>
                     <option name="initialvalue">0</option>
                  </options>
               </field>
               <field description="" name="tmp_dummy" type="string">
                  <options>
                     <option name="required">false</option>
                  </options>
               </field>
               <field description="" name="tmp_decision" type="string">
                  <options>
                     <option name="required">false</option>
                  </options>
               </field>
               <field description="" name="tmp_filename" type="string">
                  <options>
                     <option name="required">false</option>
                  </options>
               </field>
               <field description="" name="tmp_email_decision" type="string">
                  <options>
                     <option name="required">false</option>
                  </options>
               </field>
               <field description="" name="error_message" type="string">
                  <options>
                     <option name="required">false</option>
                  </options>
               </field>
            </tempFields>
            <notes/>
            <deployment suspendOnFault="false" tracingLevel="verbose">
               <rest>
                  <allowedGroups>
                     <group>PNMAC Service Consumer</group>
                  </allowedGroups>
               </rest>
            </deployment>
            <flow id="a">
               <start id="b">
                  <link id="ke9rof0o" targetId="k7vu5ro3"/>
               </start>
               <assignment id="k7vu5ro3">
                  <title>Assign Catalog File</title>
                  <operation source="formula" to="temp.tmp_catalogFile">
                     <expression language="XQuery">util:simplifyXml(util:getCatalogResource('project:/getEverestAPITokenParameterization/deploy/getEverestAPITokenParameterization.xml'))</expression>
                  </operation>
                  <operation source="formula" to="temp.tmp_filename">
                     <expression language="XQuery">let $timestamp:=
replace(replace(xs:string(current-dateTime()),'([^A-Za-z0-9])',''),'([A-Z])','')

return
'CommitmentDetails_'||$input.tradeId||'_'||  $timestamp  ||'.json'

</expression>
                  </operation>
                  <link id="k7vu5ro5" targetId="ka6ydcuq"/>
               </assignment>
               <eventContainer id="ka6ydcuq">
                  <service id="k7h2f3id">
                     <title>Get Token</title>
                     <serviceName>ac-GetTradeDtls:Get_Everest_Api_Token </serviceName>
                     <serviceGUID>6ARvwAyJ5LEhnSkAHYkKcB</serviceGUID>
                     <serviceInput>
                        <parameter name="pnmacKey" source="formula">
                           <expression language="XQuery">$temp.tmp_catalogFile//pnmacKey</expression>
                        </parameter>
                        <parameter name="password" source="formula">
                           <expression language="XQuery">$temp.tmp_catalogFile//password</expression>
                        </parameter>
                        <parameter name="env" source="formula">
                           <expression language="XQuery">$temp.tmp_catalogFile//env</expression>
                        </parameter>
                     </serviceInput>
                  </service>
                  <flow id="ka6ydcus">
                     <eventContainer id="ka6ydd21">
                        <service id="ka6ydd26">
                           <title>Get Trade Details</title>
                           <serviceName>ac-GetTradeDtls:Get_Everest_Api_Trade_Details</serviceName>
                           <serviceGUID>6ARvwAyJ5LEhnSkAHYkKcB</serviceGUID>
                           <serviceInput>
                              <parameter name="AccessToken" source="field" updatable="true">output.AccessToken</parameter>
                              <parameter name="entityId_ip" source="formula">
                                 <expression language="XQuery">$input.tradeId </expression>
                              </parameter>
                              <parameter name="env" source="formula">
                                 <expression language="XQuery">$temp.tmp_catalogFile//env</expression>
                              </parameter>
                           </serviceInput>
                        </service>
                        <flow id="ka6ydd22">
                           <assignment id="kaih0983">
                              <title>Assignment to TradeOP</title>
                              <operation source="formula" to="temp.TradeOP">
                                 <expression language="XQuery">$output.Trade_OP </expression>
                              </operation>
                              <link id="kaih0995" targetId="kaih098g"/>
                           </assignment>
                           <eventContainer id="kaih098g">
                              <service id="kaih098t">
                                 <title>Get Trade Details Pipeline</title>
                                 <serviceName>ac-Trade-Pipeline:Get_Everest_Api_Trade_Details_pipeline</serviceName>
                                 <serviceGUID>g5h3RIT2Ow5kFqfIFMC0Ql</serviceGUID>
                                 <serviceInput>
                                    <parameter name="AccessToken" source="field" updatable="true">output.AccessToken</parameter>
                                    <parameter name="entityId_ip" source="formula">
                                       <expression language="XQuery">$input.tradeId </expression>
                                    </parameter>
                                    <parameter name="env" source="formula">
                                       <expression language="XQuery">$temp.tmp_catalogFile//env</expression>
                                    </parameter>
                                 </serviceInput>
                              </service>
                              <flow id="kaih098h">
                                 <assignment id="kaih098i">
                                    <title>Assignment to TradeOP</title>
                                    <operation source="formula" to="temp.TradeOP">
                                       <expression language="XQuery">substring($temp.TradeOP,1,string-length($temp.TradeOP)-1) 
||','|| 
substring-before(substring($output.Trade_OP_stats,2) ,'"assignedAmount"') 
|| 
substring-after(substring-after($output.Trade_OP_stats ,'"assignedAmount"'),',')</expression>
                                    </operation>
                                    <link id="kaih098x" targetId="kaih098j"/>
                                 </assignment>
                                 <assignment id="kaih098j">
                                    <title>Assign File Contents</title>
                                    <operation source="formula" to="temp.filewriter[1]/fileName">
                                       <expression language="XQuery">$temp.tmp_filename </expression>
                                    </operation>
                                    <operation source="formula" to="temp.filewriter[1]/content">
                                       <expression language="XQuery">$temp.TradeOP </expression>
                                    </operation>
                                    <link id="kaih098y" targetId="kaih098k"/>
                                 </assignment>
                                 <eventContainer id="kaih098k">
                                    <service id="kaih098p">
                                       <title>FileWriter-WriteJsonOutput</title>
                                       <serviceName>ac-trade-pipeline-output:FileWriter-test</serviceName>
                                       <serviceGUID>eff6AZa2OwWkhrXFs9irS9</serviceGUID>
                                       <serviceInput>
                                          <parameter name="fileWriteTask" source="formula">
                                             <expression language="XQuery">$temp.filewriter</expression>
                                          </parameter>
                                       </serviceInput>
                                    </service>
                                    <flow id="kaih098l">
                                       <assignment id="kes3ge3n">
                                          <title>Assign Success Output</title>
                                          <operation source="formula" to="output.Response">
                                             <expression language="XQuery">&lt;Response&gt;
&lt;code&gt;&lt;/code&gt;
&lt;message&gt;&lt;/message&gt;
&lt;isSuccess&gt;True&lt;/isSuccess&gt;
&lt;/Response&gt;</expression>
                                          </operation>
                                          <link id="kes3ge3o" targetId="kemgderq"/>
                                       </assignment>
                                       <assignment id="kemgderq">
                                          <title>Assignment to setProcTitle</title>
                                          <operation source="formula" to="temp.setProcTitle">
                                             <expression language="XQuery">ipd:setProcessTitle("TradeMailroom - TradeId: "||$input.tradeId ||
'   Status: Success') </expression>
                                          </operation>
                                          <link id="kf236p4q" targetId="kf236p4p"/>
                                       </assignment>
                                       <end id="kf236p4p">
                                          <title>End 2</title>
                                       </end>
                                    </flow>
                                    <flow id="kaih098n">
                                       <assignment id="kecms2sw">
                                          <title>Decision</title>
                                          <operation source="formula" to="temp.tmp_decision">
                                             <expression language="XQuery">if ( $temp.tmp_retryCounter &lt;=3 ) then 'Y'
else 'N'
</expression>
                                          </operation>
                                          <link id="kecms2zb" targetId="kecms2za"/>
                                       </assignment>
                                       <container id="kecms2za" type="exclusive">
                                          <title>tmp_decision</title>
                                          <flow id="kecms2ze">
                                             <assignment id="kecms335">
                                                <title>Increment retryCounter</title>
                                                <operation source="formula" to="temp.tmp_retryCounter">
                                                   <expression language="XQuery">$temp.tmp_retryCounter  + 1 </expression>
                                                </operation>
                                                <link id="kecms3f1" targetId="kecms3ez"/>
                                             </assignment>
                                             <jumpTo id="kecms3ez">
                                                <link id="kecms3f0" targetId="kaih098k"/>
                                             </jumpTo>
                                          </flow>
                                          <flow id="kecms2zh">
                                             <assignment id="kev82dn7">
                                                <title>Assign Email Decision</title>
                                                <operation source="formula" to="temp.tmp_email_decision">
                                                   <expression language="XQuery">if(contains($output.faultInfo_writejsonoutput[1]/detail,'handshake' ) or 
contains($output.faultInfo_writejsonoutput[1]/detail,'TimeoutException' ) or 
contains($output.faultInfo_writejsonoutput[1]/detail,'SSLHandshakeExceptionRemote' ) or 
contains($output.faultInfo_writejsonoutput[1]/detail,'refused' ) or 
contains($output.faultInfo_writejsonoutput[1]/reason,'handshake' ) or 
contains($output.faultInfo_writejsonoutput[1]/reason,'TimeoutException' ) or 
contains($output.faultInfo_writejsonoutput[1]/reason,'SSLHandshakeExceptionRemote' ) or 
contains($output.faultInfo_writejsonoutput[1]/reason,'refused' )) then 'N'
else 'Y'</expression>
                                                </operation>
                                                <link id="kev82dri" targetId="kev82drh"/>
                                             </assignment>
                                             <assignment id="kes3gdzm">
                                                <title>Assign Error Output- File Write Issue</title>
                                                <operation source="formula" to="output.Response">
                                                   <expression language="XQuery">&lt;Response  xmlns:m="urn:informatica:ae:xquery:json2xml:meta-data"&gt;
&lt;code&gt;{$output.faultInfo_writejsonoutput[1]/code}&lt;/code&gt;
&lt;message&gt;{$output.faultInfo_writejsonoutput/reason}&lt;/message&gt;
&lt;iSuccess&gt;False&lt;/iSuccess&gt;
&lt;/Response&gt;</expression>
                                                </operation>
                                                <link id="kes3gdzo" targetId="kecms3jh"/>
                                             </assignment>
                                             <assignment id="kecms3jh">
                                                <title>Assignment to setProcTitle</title>
                                                <operation source="formula" to="temp.setProcTitle">
                                                   <expression language="XQuery">ipd:setProcessTitle("TradeMailroom - TradeId: "||$input.tradeId ||
'   Status: Failed') </expression>
                                                </operation>
                                                <link id="kf236p5y" targetId="kf236p5x"/>
                                             </assignment>
                                             <container id="kev82drh" type="exclusive">
                                                <title>Send Email?</title>
                                                <flow id="kev82dt1">
                                                   <subflow id="kev82dym">
                                                      <title>SP_FaultEmail</title>
                                                      <subflowGUID>giwQOa6qSEwctHA4oyFz21</subflowGUID>
                                                      <subflowPath>p_email_routine-2</subflowPath>
                                                      <runForEach>false</runForEach>
                                                      <input>
                                                         <parameter name="in_ProcessName" source="formula" updatable="true">
                                                            <expression language="XQuery">'p_API_SSVR_getTradeDetails'</expression>
                                                         </parameter>
                                                         <parameter name="in_ProcessId" source="formula" updatable="true">
                                                            <expression language="XQuery">util:getProcessId()</expression>
                                                         </parameter>
                                                         <parameter name="in_StepName" source="formula" updatable="true">
                                                            <expression language="XQuery">'WriteJsonOutput'</expression>
                                                         </parameter>
                                                         <parameter name="in_FaultCode" source="formula" updatable="true">
                                                            <expression language="XQuery">$output.faultInfo_writejsonoutput[1]/code </expression>
                                                         </parameter>
                                                         <parameter name="in_FaultReason" source="formula" updatable="true">
                                                            <expression language="XQuery">$output.faultInfo_writejsonoutput[1]/reason </expression>
                                                         </parameter>
                                                         <parameter name="in_Detail" source="formula" updatable="true">
                                                            <expression language="XQuery">$output.faultInfo_writejsonoutput[1]/detail</expression>
                                                         </parameter>
                                                         <parameter name="in_env" source="formula" updatable="true">
                                                            <expression language="XQuery">$temp.tmp_catalogFile//env</expression>
                                                         </parameter>
                                                      </input>
                                                      <outputDef/>
                                                   </subflow>
                                                   <link id="kev82dt2" targetId="kev82drh" type="containerLink"/>
                                                </flow>
                                                <flow id="kev82dt3">
                                                   <link id="kev82dt4" targetId="kev82drh" type="containerLink"/>
                                                </flow>
                                                <link id="kev82dsu" targetId="kev82dt1" type="containerLink">
                                                   <condition source="formula">
                                                      <function name="contains">
                                                         <arg name="left">{$temp.tmp_email_decision}</arg>
                                                         <arg name="right">Y</arg>
                                                      </function>
                                                   </condition>
                                                </link>
                                                <link id="kev82dsx" targetId="kev82dt3" type="containerLink"/>
                                                <link id="kev82dyl" targetId="kes3gdzm"/>
                                             </container>
                                             <throw id="kf236p5x">
                                                <title>Throw</title>
                                                <throwInput>
                                                   <parameter name="code" source="formula" updatable="true">
                                                      <expression language="XQuery">util:toJSON(
&lt;Response  xmlns:m="urn:informatica:ae:xquery:json2xml:meta-data"&gt;
&lt;code&gt;{$output.faultInfo_writejsonoutput[1]/code}&lt;/code&gt;
&lt;message&gt;{$output.faultInfo_writejsonoutput/reason}&lt;/message&gt;
&lt;iSuccess&gt;False&lt;/iSuccess&gt;
&lt;/Response&gt;
)

</expression>
                                                   </parameter>
                                                   <parameter name="detail" source="constant" updatable="true"/>
                                                   <parameter name="reason" source="constant" updatable="true"/>
                                                </throwInput>
                                             </throw>
                                          </flow>
                                          <link id="kecms2zd" targetId="kecms2ze" type="containerLink">
                                             <condition source="formula">
                                                <function name="contains">
                                                   <arg name="left">{$temp.tmp_decision}</arg>
                                                   <arg name="right">Y</arg>
                                                </function>
                                             </condition>
                                          </link>
                                          <link id="kecms2zg" targetId="kecms2zh" type="containerLink"/>
                                       </container>
                                    </flow>
                                    <link id="kaih098z" targetId="kaih098l" type="containerLink"/>
                                    <events>
                                       <catch faultField="faultInfo_writejsonoutput"
                                              id="ka6ydd54"
                                              interrupting="true">
                                          <link id="kaih0990" targetId="kaih098n" type="containerLink"/>
                                       </catch>
                                    </events>
                                 </eventContainer>
                              </flow>
                              <flow id="kaih098q">
                                 <assignment id="kecms1s2">
                                    <title>Decision</title>
                                    <operation source="formula" to="temp.tmp_decision">
                                       <expression language="XQuery">if ( $temp.tmp_retryCounter &lt;=3 ) then 'Y'
else 'N'
</expression>
                                    </operation>
                                    <link id="kecms1wf" targetId="kecms1we"/>
                                 </assignment>
                                 <container id="kecms1we" type="exclusive">
                                    <title>tmp_decision</title>
                                    <flow id="kecms1wi">
                                       <assignment id="kecms3py">
                                          <title>Increment retryCounter</title>
                                          <operation source="formula" to="temp.tmp_retryCounter">
                                             <expression language="XQuery">$temp.tmp_retryCounter + 1 </expression>
                                          </operation>
                                          <link id="kecms3pz" targetId="kecms20c"/>
                                       </assignment>
                                       <jumpTo id="kecms20c">
                                          <link id="kecms20d" targetId="ka6ydcuq"/>
                                       </jumpTo>
                                    </flow>
                                    <flow id="kecms1wl">
                                       <assignment id="kev82daf">
                                          <title>Assign Email Decision</title>
                                          <operation source="formula" to="temp.tmp_email_decision">
                                             <expression language="XQuery">if(contains($output.faultInfo_gettradedetailspipeline[1]/detail,'handshake' ) or 
contains($output.faultInfo_gettradedetailspipeline[1]/detail,'TimeoutException' ) or 
contains($output.faultInfo_gettradedetailspipeline[1]/detail,'SSLHandshakeExceptionRemote' ) or 
contains($output.faultInfo_gettradedetailspipeline[1]/detail,'refused' ) or 
contains($output.faultInfo_gettradedetailspipeline[1]/reason,'handshake' ) or 
contains($output.faultInfo_gettradedetailspipeline[1]/reason,'TimeoutException' ) or 
contains($output.faultInfo_gettradedetailspipeline[1]/reason,'SSLHandshakeExceptionRemote' ) or 
contains($output.faultInfo_gettradedetailspipeline[1]/reason,'refused' )) then 'N'
else 'Y'</expression>
                                          </operation>
                                          <link id="kev82df9" targetId="kev82df8"/>
                                       </assignment>
                                       <assignment id="kes3gdnh">
                                          <title>Assign Error Output- Get Trade Details Issue</title>
                                          <operation source="formula" to="output.Response">
                                             <expression language="XQuery">&lt;Response  xmlns:m="urn:informatica:ae:xquery:json2xml:meta-data"&gt;
&lt;code&gt;{$output.faultInfo_gettradedetailspipeline[1]/code}&lt;/code&gt;
&lt;message&gt;{$output.faultInfo_gettradedetailspipeline /reason}&lt;/message&gt;
&lt;isSuccess&gt;False&lt;/isSuccess&gt;
&lt;/Response&gt;</expression>
                                          </operation>
                                          <link id="keyeyzae" targetId="kecms265"/>
                                       </assignment>
                                       <assignment id="kecms265">
                                          <title>Assignment to setProcTitle</title>
                                          <operation source="formula" to="temp.setProcTitle">
                                             <expression language="XQuery">ipd:setProcessTitle("TradeMailroom - TradeId: "||$input.tradeId ||
'   Status: Failed') </expression>
                                          </operation>
                                          <link id="kf236p9f" targetId="kf236p9e"/>
                                       </assignment>
                                       <container id="kev82df8" type="exclusive">
                                          <title>Send Email?</title>
                                          <flow id="kev82dfc">
                                             <subflow id="kev82djo">
                                                <title>SP_FaultEmail</title>
                                                <subflowGUID>giwQOa6qSEwctHA4oyFz21</subflowGUID>
                                                <subflowPath>p_email_routine-2</subflowPath>
                                                <runForEach>false</runForEach>
                                                <input>
                                                   <parameter name="in_ProcessName" source="formula" updatable="true">
                                                      <expression language="XQuery">'p_API_SSVR_getTradeDetails'</expression>
                                                   </parameter>
                                                   <parameter name="in_ProcessId" source="formula" updatable="true">
                                                      <expression language="XQuery">util:getProcessId()</expression>
                                                   </parameter>
                                                   <parameter name="in_StepName" source="formula" updatable="true">
                                                      <expression language="XQuery">'GetTradePipeline'</expression>
                                                   </parameter>
                                                   <parameter name="in_FaultCode" source="formula" updatable="true">
                                                      <expression language="XQuery">$output.faultInfo_gettradedetailspipeline[1]/code </expression>
                                                   </parameter>
                                                   <parameter name="in_FaultReason" source="formula" updatable="true">
                                                      <expression language="XQuery">$output.faultInfo_gettradedetailspipeline[1]/reason </expression>
                                                   </parameter>
                                                   <parameter name="in_Detail" source="formula" updatable="true">
                                                      <expression language="XQuery">$output.faultInfo_gettradedetailspipeline[1]/reason </expression>
                                                   </parameter>
                                                   <parameter name="in_env" source="formula" updatable="true">
                                                      <expression language="XQuery">$temp.tmp_catalogFile//env</expression>
                                                   </parameter>
                                                </input>
                                                <outputDef/>
                                             </subflow>
                                             <link id="kev82dfd" targetId="kev82df8" type="containerLink"/>
                                          </flow>
                                          <flow id="kev82dff">
                                             <link id="kev82dfg" targetId="kev82df8" type="containerLink"/>
                                          </flow>
                                          <link id="kev82dfb" targetId="kev82dfc" type="containerLink">
                                             <condition source="formula">
                                                <function name="contains">
                                                   <arg name="left">{$temp.tmp_email_decision}</arg>
                                                   <arg name="right">Y</arg>
                                                </function>
                                             </condition>
                                          </link>
                                          <link id="kev82dfe" targetId="kev82dff" type="containerLink"/>
                                          <link id="kev82djn" targetId="kes3gdnh"/>
                                       </container>
                                       <throw id="kf236p9e">
                                          <title>Throw</title>
                                          <throwInput>
                                             <parameter name="code" source="formula" updatable="true">
                                                <expression language="XQuery">util:toJSON(
&lt;Response  xmlns:m="urn:informatica:ae:xquery:json2xml:meta-data"&gt;
&lt;code&gt;{$output.faultInfo_gettradedetailspipeline[1]/code}&lt;/code&gt;
&lt;message&gt;{$output.faultInfo_gettradedetailspipeline /reason}&lt;/message&gt;
&lt;isSuccess&gt;False&lt;/isSuccess&gt;
&lt;/Response&gt;
)</expression>
                                             </parameter>
                                             <parameter name="detail" source="constant" updatable="true"/>
                                             <parameter name="reason" source="constant" updatable="true"/>
                                          </throwInput>
                                       </throw>
                                    </flow>
                                    <link id="kecms1wh" targetId="kecms1wi" type="containerLink">
                                       <condition source="formula">
                                          <function name="contains">
                                             <arg name="left">{$temp.tmp_decision}</arg>
                                             <arg name="right">Y</arg>
                                          </function>
                                       </condition>
                                    </link>
                                    <link id="kecms1wk" targetId="kecms1wl" type="containerLink"/>
                                 </container>
                              </flow>
                              <link id="kaih098u" targetId="kaih098h" type="containerLink"/>
                              <events>
                                 <catch faultField="faultInfo_gettradedetailspipeline"
                                        id="ka6ydcys"
                                        interrupting="true">
                                    <link id="kaih098v" targetId="kaih098q" type="containerLink"/>
                                 </catch>
                              </events>
                           </eventContainer>
                        </flow>
                        <flow id="ka6ydd23">
                           <assignment id="kecms0rc">
                              <title>Decision</title>
                              <operation source="formula" to="temp.tmp_decision">
                                 <expression language="XQuery">if ( $temp.tmp_retryCounter &lt;=3 ) then 'Y'
else 'N'

</expression>
                              </operation>
                              <link id="kecms11j" targetId="kecms11i"/>
                           </assignment>
                           <container id="kecms11i" type="exclusive">
                              <title>tmp_decision</title>
                              <flow id="kecms11m">
                                 <assignment id="kecms1dq">
                                    <title>Increment retryCounter</title>
                                    <operation source="formula" to="temp.tmp_retryCounter">
                                       <expression language="XQuery">$temp.tmp_retryCounter + 1 </expression>
                                    </operation>
                                    <link id="kecms1dr" targetId="kecms1a7"/>
                                 </assignment>
                                 <jumpTo id="kecms1a7">
                                    <link id="kecms1a8" targetId="ka6ydcuq"/>
                                 </jumpTo>
                              </flow>
                              <flow id="kecms11p">
                                 <assignment id="kev82cyl">
                                    <title>Assign Email Decision</title>
                                    <operation source="formula" to="temp.tmp_email_decision">
                                       <expression language="XQuery">if(contains($output.faultInfo_gettradedetails[1]/detail,'handshake' ) or 
contains($output.faultInfo_gettradedetails[1]/detail,'TimeoutException' ) or 
contains($output.faultInfo_gettradedetails[1]/detail,'SSLHandshakeExceptionRemote' ) or 
contains($output.faultInfo_gettradedetails[1]/detail,'refused' ) or 
contains($output.faultInfo_gettradedetails[1]/reason,'handshake' ) or 
contains($output.faultInfo_gettradedetails[1]/reason,'TimeoutException' ) or 
contains($output.faultInfo_gettradedetails[1]/reason,'SSLHandshakeExceptionRemote' ) or 
contains($output.faultInfo_gettradedetails[1]/reason,'refused' )) then 'N'
else 'Y'</expression>
                                    </operation>
                                    <link id="kev82d2t" targetId="kev82d2s"/>
                                 </assignment>
                                 <assignment id="kes3gdew">
                                    <title>Assign Error Output- Get Trade Details Issue</title>
                                    <operation source="formula" to="output.Response">
                                       <expression language="XQuery">&lt;Response&gt;
&lt;errorCode&gt;{$output.faultInfo_gettradedetails[1]/code }&lt;/errorCode&gt;
&lt;errorMessage&gt;{$output.faultInfo_gettradedetails[1]/reason}&lt;/errorMessage&gt;
&lt;errorDetail&gt;{$output.faultInfo_gettradedetails[1]/detail}&lt;/errorDetail&gt;
&lt;isSuccess&gt;False&lt;/isSuccess&gt;
&lt;/Response&gt;</expression>
                                    </operation>
                                    <link id="kes3gdhc" targetId="kecms18q"/>
                                 </assignment>
                                 <assignment id="kecms18q">
                                    <title>Assignment to setProcTitle</title>
                                    <operation source="formula" to="temp.setProcTitle">
                                       <expression language="XQuery">ipd:setProcessTitle("TradeMailroom - TradeId: "||$input.tradeId ||
'   Status: Failed') </expression>
                                    </operation>
                                    <link id="kf236pc3" targetId="kf236pc2"/>
                                 </assignment>
                                 <container id="kev82d2s" type="exclusive">
                                    <title>Send Email?</title>
                                    <flow id="kev82d2w">
                                       <subflow id="kev82d70">
                                          <title>SP_FaultEmail</title>
                                          <subflowGUID>giwQOa6qSEwctHA4oyFz21</subflowGUID>
                                          <subflowPath>p_email_routine-2</subflowPath>
                                          <runForEach>false</runForEach>
                                          <input>
                                             <parameter name="in_ProcessName" source="formula" updatable="true">
                                                <expression language="XQuery">'p_API_SSVR_getTradeDetails'</expression>
                                             </parameter>
                                             <parameter name="in_ProcessId" source="formula" updatable="true">
                                                <expression language="XQuery">util:getProcessId()</expression>
                                             </parameter>
                                             <parameter name="in_StepName" source="formula" updatable="true">
                                                <expression language="XQuery">'GetTradeDetails'</expression>
                                             </parameter>
                                             <parameter name="in_FaultCode" source="formula" updatable="true">
                                                <expression language="XQuery">$output.faultInfo_gettradedetails[1]/code </expression>
                                             </parameter>
                                             <parameter name="in_FaultReason" source="formula" updatable="true">
                                                <expression language="XQuery">$output.faultInfo_gettradedetails/reason </expression>
                                             </parameter>
                                             <parameter name="in_Detail" source="formula" updatable="true">
                                                <expression language="XQuery">$output.faultInfo_gettradedetails[1]/detail </expression>
                                             </parameter>
                                             <parameter name="in_env" source="formula" updatable="true">
                                                <expression language="XQuery">$temp.tmp_catalogFile//env </expression>
                                             </parameter>
                                          </input>
                                          <outputDef/>
                                       </subflow>
                                       <link id="kev82d2x" targetId="kev82d2s" type="containerLink"/>
                                    </flow>
                                    <flow id="kev82d2z">
                                       <link id="kev82d30" targetId="kev82d2s" type="containerLink"/>
                                    </flow>
                                    <link id="kev82d2v" targetId="kev82d2w" type="containerLink">
                                       <condition source="formula">
                                          <function name="contains">
                                             <arg name="left">{$temp.tmp_email_decision}</arg>
                                             <arg name="right">Y</arg>
                                          </function>
                                       </condition>
                                    </link>
                                    <link id="kev82d2y" targetId="kev82d2z" type="containerLink"/>
                                    <link id="kev82d6z" targetId="kes3gdew"/>
                                 </container>
                                 <throw id="kf236pc2">
                                    <title>Throw</title>
                                    <throwInput>
                                       <parameter name="code" source="formula" updatable="true">
                                          <expression language="XQuery">util:toJSON(
&lt;Response  xmlns:m="urn:informatica:ae:xquery:json2xml:meta-data"&gt;
&lt;code&gt;{$output.faultInfo_gettradedetails[1]/code}&lt;/code&gt;
&lt;message&gt;{$output.faultInfo_gettradedetails[1]/reason}&lt;/message&gt;
&lt;isSuccess&gt;False&lt;/isSuccess&gt;
&lt;/Response&gt;
)</expression>
                                       </parameter>
                                       <parameter name="detail" source="constant" updatable="true"/>
                                       <parameter name="reason" source="constant" updatable="true"/>
                                    </throwInput>
                                 </throw>
                              </flow>
                              <link id="kecms11l" targetId="kecms11m" type="containerLink">
                                 <condition source="formula">
                                    <function name="contains">
                                       <arg name="left">{$temp.tmp_decision}</arg>
                                       <arg name="right">Y</arg>
                                    </function>
                                 </condition>
                              </link>
                              <link id="kecms11o" targetId="kecms11p" type="containerLink"/>
                           </container>
                        </flow>
                        <link id="ka6ydd27" targetId="ka6ydd22" type="containerLink"/>
                        <events>
                           <catch faultField="faultInfo_gettradedetails"
                                  id="ka6ydcww"
                                  interrupting="true">
                              <link id="ka6ydd28" targetId="ka6ydd23" type="containerLink"/>
                           </catch>
                        </events>
                     </eventContainer>
                  </flow>
                  <flow id="ka6ydcuv">
                     <container id="kecms2dp" type="exclusive">
                        <title>tmp_retryCounter</title>
                        <flow id="kecms2ds">
                           <assignment id="kecms3yr">
                              <title>Assignment to tmp_retryCounter</title>
                              <operation source="formula" to="temp.tmp_retryCounter">
                                 <expression language="XQuery">$temp.tmp_retryCounter + 1 </expression>
                              </operation>
                              <link id="kecms3ys" targetId="kecms2ip"/>
                           </assignment>
                           <jumpTo id="kecms2ip">
                              <link id="kecms2iq" targetId="ka6ydcuq"/>
                           </jumpTo>
                        </flow>
                        <flow id="kecms2dv">
                           <assignment id="kev82cim">
                              <title>Assign Email Decision</title>
                              <operation source="formula" to="temp.tmp_email_decision">
                                 <expression language="XQuery">if(contains($output.faultInfo_getToken[1]/detail,'handshake' ) or 
contains($output.faultInfo_getToken[1]/detail,'TimeoutException' ) or 
contains($output.faultInfo_getToken[1]/detail,'SSLHandshakeExceptionRemote' ) or 
contains($output.faultInfo_getToken[1]/detail,'refused' ) or 
contains($output.faultInfo_getToken[1]/reason,'handshake' ) or 
contains($output.faultInfo_getToken[1]/reason,'TimeoutException' ) or 
contains($output.faultInfo_getToken[1]/reason,'SSLHandshakeExceptionRemote' ) or 
contains($output.faultInfo_getToken[1]/reason,'refused' )) then 'N'
else 'Y'</expression>
                              </operation>
                              <link id="kev82cps" targetId="kev82cpr"/>
                           </assignment>
                           <assignment id="kecms2my">
                              <title>Assign Error Output -Token issue</title>
                              <operation source="formula" to="output.Response">
                                 <expression language="XQuery">&lt;Response  xmlns:m="urn:informatica:ae:xquery:json2xml:meta-data"&gt;
&lt;code&gt;{$output.faultInfo_getToken[1]/code}&lt;/code&gt;
&lt;message&gt;{$output.faultInfo_getToken[1]/reason}&lt;/message&gt;
&lt;isSuccess&gt;False&lt;/isSuccess&gt;
&lt;/Response&gt;</expression>
                              </operation>
                              <link id="kecms2od" targetId="kecms2oc"/>
                           </assignment>
                           <assignment id="kecms2oc">
                              <title>Assignment to setProcTitle</title>
                              <operation source="formula" to="temp.setProcTitle">
                                 <expression language="XQuery">ipd:setProcessTitle("TradeMailroom - TradeId: "||$input.tradeId ||
'   Status: Failed') </expression>
                              </operation>
                              <link id="kf236pfr" targetId="kf236pfq"/>
                           </assignment>
                           <container id="kev82cpr" type="exclusive">
                              <title>Send Email?</title>
                              <flow id="kev82cpv">
                                 <subflow id="kev82csu">
                                    <title>SP_FaultEmail</title>
                                    <subflowGUID>giwQOa6qSEwctHA4oyFz21</subflowGUID>
                                    <subflowPath>p_email_routine-2</subflowPath>
                                    <runForEach>false</runForEach>
                                    <input>
                                       <parameter name="in_ProcessName" source="formula" updatable="true">
                                          <expression language="XQuery">'p_API_SSVR_getTradeDetails'</expression>
                                       </parameter>
                                       <parameter name="in_ProcessId" source="formula" updatable="true">
                                          <expression language="XQuery">util:getProcessId()</expression>
                                       </parameter>
                                       <parameter name="in_StepName" source="formula" updatable="true">
                                          <expression language="XQuery">'Get_Token'</expression>
                                       </parameter>
                                       <parameter name="in_FaultCode" source="formula" updatable="true">
                                          <expression language="XQuery">$output.faultInfo_getToken[1]/code </expression>
                                       </parameter>
                                       <parameter name="in_FaultReason" source="formula" updatable="true">
                                          <expression language="XQuery">$output.faultInfo_getToken[1]/reason </expression>
                                       </parameter>
                                       <parameter name="in_Detail" source="formula" updatable="true">
                                          <expression language="XQuery">$output.faultInfo_getToken[1]/detail </expression>
                                       </parameter>
                                       <parameter name="in_env" source="formula" updatable="true">
                                          <expression language="XQuery">$temp.tmp_catalogFile//env
</expression>
                                       </parameter>
                                    </input>
                                    <outputDef/>
                                 </subflow>
                                 <link id="kev82cpw" targetId="kev82cpr" type="containerLink"/>
                              </flow>
                              <flow id="kev82cpy">
                                 <link id="kev82cpz" targetId="kev82cpr" type="containerLink"/>
                              </flow>
                              <link id="kev82cpu" targetId="kev82cpv" type="containerLink">
                                 <condition source="formula">
                                    <function name="contains">
                                       <arg name="left">{$temp.tmp_email_decision}</arg>
                                       <arg name="right">Y</arg>
                                    </function>
                                 </condition>
                              </link>
                              <link id="kev82cpx" targetId="kev82cpy" type="containerLink"/>
                              <link id="kev82cst" targetId="kecms2my"/>
                           </container>
                           <throw id="kf236pfq">
                              <title>Throw</title>
                              <throwInput>
                                 <parameter name="code" source="formula" updatable="true">
                                    <expression language="XQuery">util:toJSON(
&lt;Response  xmlns:m="urn:informatica:ae:xquery:json2xml:meta-data"&gt;
&lt;code&gt;{$output.faultInfo_getToken[1]/code}&lt;/code&gt;
&lt;message&gt;{$output.faultInfo_getToken[1]/reason}&lt;/message&gt;
&lt;isSuccess&gt;False&lt;/isSuccess&gt;
&lt;/Response&gt;
)</expression>
                                 </parameter>
                                 <parameter name="detail" source="constant" updatable="true"/>
                                 <parameter name="reason" source="constant" updatable="true"/>
                              </throwInput>
                           </throw>
                        </flow>
                        <link id="kecms2dr" targetId="kecms2ds" type="containerLink">
                           <condition source="formula">
                              <function name="less-or-equals">
                                 <arg name="left">{$temp.tmp_retryCounter}</arg>
                                 <arg name="right">{3}</arg>
                              </function>
                           </condition>
                        </link>
                        <link id="kecms2du" targetId="kecms2dv" type="containerLink"/>
                     </container>
                  </flow>
                  <link id="ka6ydcur" targetId="ka6ydcus" type="containerLink"/>
                  <events>
                     <catch faultField="faultInfo_getToken" id="ka6ydcup" interrupting="true">
                        <link id="ka6ydcuu" targetId="ka6ydcuv" type="containerLink"/>
                     </catch>
                  </events>
               </eventContainer>
            </flow>
         </process>
         <ns1:sample-data-sets xmlns:ns1="http://schemas.active-endpoints.com/appmodules/repository/2010/10/sampleData.xsd">
            <ns1:SampleData>
               <ns1:Id>0976684d-6ce1-41e9-9467-5dea61c5ce37</ns1:Id>
               <ns1:Name>Test</ns1:Name>
               <ns1:CreatedBy>prabhakar.boddapati@pnmac.com.saml.dev</ns1:CreatedBy>
               <ns1:CreationDate>2020-08-25T09:52:45Z</ns1:CreationDate>
               <ns1:ModifiedBy>prabhakar.boddapati@pnmac.com.saml.dev</ns1:ModifiedBy>
               <ns1:ModifiedDate>2020-09-03T16:17:55Z</ns1:ModifiedDate>
               <ns1:Data format="json">{
	 "tradeId": "2"
}</ns1:Data>
            </ns1:SampleData>
         </ns1:sample-data-sets>
      </types1:Entry>
      <types1:GUID>9ufZ2wYggKMcFFmIEGB8iO</types1:GUID>
      <types1:DisplayName>p_API_SSVR_getTradeDetails_Mailroom</types1:DisplayName>
   </types1:Item>
   <types1:CurrentServerDateTime>2020-09-15T10:50:24.748Z</types1:CurrentServerDateTime>
</aetgt:getResponse>
