<aetgt:getResponse xmlns:aetgt="http://schemas.active-endpoints.com/appmodules/repository/2010/10/avrepository.xsd"
                   xmlns:types1="http://schemas.active-endpoints.com/appmodules/repository/2010/10/avrepository.xsd">
   <types1:Item>
      <types1:EntryId>Tm8lnCmp6oIuQaa-gt-30260766-2020-09-03T04:28:22.736Z::pd.xml</types1:EntryId>
      <types1:Name>p_tirgger_DI_taskflow_TradeManagement</types1:Name>
      <types1:MimeType>application/xml+process</types1:MimeType>
      <types1:Description/>
      <types1:AppliesTo/>
      <types1:Tags>.anonymous</types1:Tags>
      <types1:VersionLabel>1.0</types1:VersionLabel>
      <types1:State>CURRENT</types1:State>
      <types1:ProcessGroup/>
      <types1:CreatedBy>prabhakar.boddapati@pnmac.com.saml.dev</types1:CreatedBy>
      <types1:CreationDate>2020-09-03T04:28:23Z</types1:CreationDate>
      <types1:ModifiedBy>prabhakar.boddapati@pnmac.com.saml.dev</types1:ModifiedBy>
      <types1:ModificationDate>2020-09-09T16:20:54Z</types1:ModificationDate>
      <types1:PublicationStatus>out-of-date</types1:PublicationStatus>
      <types1:PublishedBy>prabhakar.boddapati@pnmac.com.saml.dev</types1:PublishedBy>
      <types1:PublicationDate>2020-09-09T16:21:01Z</types1:PublicationDate>
      <types1:PublishedContributionId>project:/spi.p_tirgger_DI_taskflow_TradeManagement/p_tirgger_DI_taskflow_TradeManagement.pd.xml</types1:PublishedContributionId>
      <types1:AutosaveExists>false</types1:AutosaveExists>
      <types1:Entry>
         <process xmlns="http://schemas.active-endpoints.com/appmodules/screenflow/2010/10/avosScreenflow.xsd"
                  xmlns:list="urn:activevos:spi:list:functions"
                  displayName="p_tirgger_DI_taskflow_TradeManagement"
                  name="p_tirgger_DI_taskflow_TradeManagement"
                  overrideAPIName="true">
            <appliesTo/>
            <description/>
            <tags>.anonymous</tags>
            <generator>Informatica Process Designer 11</generator>
            <output>
               <field description="" name="isSuccess" type="string">
                  <options>
                     <option name="required">false</option>
                  </options>
               </field>
            </output>
            <tempFields>
               <field description="" name="tmp_procTitle" type="string">
                  <options>
                     <option name="required">false</option>
                  </options>
               </field>
            </tempFields>
            <notes/>
            <deployment suspendOnFault="false" tracingLevel="verbose">
               <rest>
                  <allowAnonymousAccess/>
               </rest>
            </deployment>
            <flow id="a">
               <start id="b">
                  <link id="keoekom1" targetId="kes7kg3e"/>
               </start>
               <eventContainer id="kes7kg3e">
                  <subflow id="keoekom0">
                     <title>p_Trigger_DI_Taskflow_Trade</title>
                     <subflowGUID>ls1OtCYz9SzhPDrJShF96x</subflowGUID>
                     <subflowPath>p_Trigger_DI_Taskflow</subflowPath>
                     <runForEach>false</runForEach>
                     <input>
                        <parameter name="in_API_Name" source="formula" updatable="true">
                           <expression language="XQuery">'TradeManagement'</expression>
                        </parameter>
                     </input>
                     <outputDef>
                        <field name="out_responseCode" type="string">
                           <options>
                              <option name="required">false</option>
                           </options>
                        </field>
                        <field name="out_responseString" type="string">
                           <options>
                              <option name="required">false</option>
                           </options>
                        </field>
                        <field name="out_errorString" type="string">
                           <options>
                              <option name="required">false</option>
                           </options>
                        </field>
                     </outputDef>
                  </subflow>
                  <flow id="kes7kg3g">
                     <container id="kes7kg3t" type="exclusive">
                        <title>out_responseCode</title>
                        <flow id="kes7kg3v">
                           <assignment id="kes7kg5h">
                              <title>Assignment to isSuccess</title>
                              <operation source="constant" to="output.isSuccess">True</operation>
                           </assignment>
                           <link id="kes7kg3w" targetId="kes7kg3t" type="containerLink"/>
                        </flow>
                        <flow id="kes7kg3y">
                           <assignment id="kes7kg6h">
                              <title>Assign Error Details</title>
                              <operation source="constant" to="output.isSuccess">False</operation>
                              <link id="kes7kgnb" targetId="kes7kgna"/>
                           </assignment>
                           <subflow id="kes7kgna">
                              <title>p_email_routine</title>
                              <subflowGUID>giwQOa6qSEwctHA4oyFz21</subflowGUID>
                              <subflowPath>p_email_routine-2</subflowPath>
                              <runForEach>false</runForEach>
                              <input>
                                 <parameter name="in_ProcessName" source="constant" updatable="true">p_tirgger_DI_taskflow_TradeManagement</parameter>
                                 <parameter name="in_ProcessId" source="formula" updatable="true">
                                    <expression language="XQuery">util:getProcessId()</expression>
                                 </parameter>
                                 <parameter name="in_StepName" source="constant" updatable="true">p_Trigger_DI_Taskflow_Trade</parameter>
                                 <parameter name="in_FaultCode" source="field" updatable="true">output.out_responseCode</parameter>
                                 <parameter name="in_FaultReason" source="field" updatable="true">output.out_responseString</parameter>
                                 <parameter name="in_Detail" source="field" updatable="true">output.out_errorString</parameter>
                                 <parameter name="in_env" source="formula" updatable="true">
                                    <expression language="XQuery">util:simplifyXml(util:getCatalogResource('project:/getEverestAPITokenParameterization/deploy/getEverestAPITokenParameterization.xml'))//env</expression>
                                 </parameter>
                              </input>
                              <outputDef/>
                           </subflow>
                           <link id="kes7kg3z" targetId="kes7kg3t" type="containerLink"/>
                        </flow>
                        <link id="kes7kg3u" targetId="kes7kg3v" type="containerLink">
                           <condition source="formula">
                              <function name="contains">
                                 <arg name="left">{$output.out_responseCode}</arg>
                                 <arg name="right">0</arg>
                              </function>
                           </condition>
                        </link>
                        <link id="kes7kg3x" targetId="kes7kg3y" type="containerLink"/>
                     </container>
                     <link id="kes7kg3h" targetId="kes7kg3e" type="containerLink"/>
                  </flow>
                  <flow id="kes7kg3j">
                     <assignment id="kes7kg7h">
                        <title>Assign Error Details</title>
                        <operation source="constant" to="output.isSuccess">False</operation>
                        <link id="kes7kg8i" targetId="kes7kg8h"/>
                     </assignment>
                     <subflow id="kes7kg8h">
                        <title>p_email_routine</title>
                        <subflowGUID>giwQOa6qSEwctHA4oyFz21</subflowGUID>
                        <subflowPath>p_email_routine-2</subflowPath>
                        <runForEach>false</runForEach>
                        <input>
                           <parameter name="in_ProcessName" source="constant" updatable="true">p_tirgger_DI_taskflow_TradeManagement</parameter>
                           <parameter name="in_ProcessId" source="formula" updatable="true">
                              <expression language="XQuery">util:getProcessId()</expression>
                           </parameter>
                           <parameter name="in_StepName" source="constant" updatable="true">p_Trigger_DI_Taskflow_Trade</parameter>
                           <parameter name="in_FaultCode" source="field" updatable="true">output.faultInfo[1]/code</parameter>
                           <parameter name="in_FaultReason" source="field" updatable="true">output.faultInfo[1]/reason</parameter>
                           <parameter name="in_Detail" source="field" updatable="true">output.faultInfo[1]/detail</parameter>
                           <parameter name="in_env" source="formula" updatable="true">
                              <expression language="XQuery">util:simplifyXml(util:getCatalogResource('project:/getEverestAPITokenParameterization/deploy/getEverestAPITokenParameterization.xml'))//env</expression>
                           </parameter>
                        </input>
                        <outputDef/>
                     </subflow>
                     <link id="kes7kg3k" targetId="kes7kg3e" type="containerLink"/>
                  </flow>
                  <link id="kes7kg3f" targetId="kes7kg3g" type="containerLink"/>
                  <link id="kes7kgwl" targetId="kes7kgwk"/>
                  <events>
                     <catch faultField="faultInfo" id="kes7kg37" interrupting="true">
                        <link id="kes7kg3i" targetId="kes7kg3j" type="containerLink"/>
                     </catch>
                  </events>
               </eventContainer>
               <assignment id="kes7kgwk">
                  <title>Assignment to tmp_procTitle</title>
                  <operation source="formula" to="temp.tmp_procTitle">
                     <expression language="XQuery">let $st:=
if ($output.isSuccess='True' ) then 'Succeeded'
else 'Failed'
return
ipd:setProcessTitle('DI taskflow for Trade Management : '||$st)</expression>
                  </operation>
                  <link id="kevl9123" targetId="kevl9122"/>
               </assignment>
               <container id="kevl9122" type="exclusive">
                  <title>Error?</title>
                  <flow id="kevl9132">
                     <throw id="kevl918b">
                        <title>Throw</title>
                        <throwInput>
                           <parameter name="code" source="field" updatable="true">output.out_responseCode</parameter>
                           <parameter name="detail" source="field" updatable="true">output.out_errorString</parameter>
                           <parameter name="reason" source="field" updatable="true">output.out_responseString</parameter>
                        </throwInput>
                     </throw>
                  </flow>
                  <flow id="kevl9134">
                     <end id="kevl917g"/>
                  </flow>
                  <link id="kevl912v" targetId="kevl9132" type="containerLink">
                     <condition source="formula">
                        <function name="contains">
                           <arg name="left">{$output.isSuccess}</arg>
                           <arg name="right">False</arg>
                        </function>
                     </condition>
                  </link>
                  <link id="kevl912y" targetId="kevl9134" type="containerLink"/>
               </container>
            </flow>
         </process>
         <ns1:sample-data-sets xmlns:ns1="http://schemas.active-endpoints.com/appmodules/repository/2010/10/sampleData.xsd">
            <ns1:SampleData>
               <ns1:Id>e392e9f9-c9d2-4687-8d04-14d9c627eddb</ns1:Id>
               <ns1:Name>g</ns1:Name>
               <ns1:CreatedBy>prabhakar.boddapati@pnmac.com.saml.dev</ns1:CreatedBy>
               <ns1:CreationDate>2020-09-07T07:47:10Z</ns1:CreationDate>
               <ns1:ModifiedBy>prabhakar.boddapati@pnmac.com.saml.dev</ns1:ModifiedBy>
               <ns1:ModifiedDate>2020-09-07T07:47:10Z</ns1:ModifiedDate>
               <ns1:Data format="json">{}</ns1:Data>
            </ns1:SampleData>
         </ns1:sample-data-sets>
      </types1:Entry>
      <types1:GUID>8OshgaeDEdwbTSv1iY9XEA</types1:GUID>
      <types1:DisplayName>p_tirgger_DI_taskflow_TradeManagement</types1:DisplayName>
   </types1:Item>
   <types1:CurrentServerDateTime>2020-09-15T10:50:24.667Z</types1:CurrentServerDateTime>
</aetgt:getResponse>
