<aetgt:getResponse xmlns:aetgt="http://schemas.active-endpoints.com/appmodules/repository/2010/10/avrepository.xsd"
                   xmlns:types1="http://schemas.active-endpoints.com/appmodules/repository/2010/10/avrepository.xsd">
   <types1:Item>
      <types1:EntryId>358pIO3M4WwOC2X-gt-17255351-2020-08-25T05:33:41.871Z::tf.xml</types1:EntryId>
      <types1:Name>tf_trade_Pairoff_Mailroom</types1:Name>
      <types1:MimeType>application/xml+taskflow</types1:MimeType>
      <types1:Description/>
      <types1:AppliesTo/>
      <types1:Tags/>
      <types1:VersionLabel>1.0</types1:VersionLabel>
      <types1:State>CURRENT</types1:State>
      <types1:ProcessGroup/>
      <types1:CreatedBy>komal.nili@pnmac.com.saml.dev</types1:CreatedBy>
      <types1:CreationDate>2020-08-25T05:33:42Z</types1:CreationDate>
      <types1:ModifiedBy>prabhakar.boddapati@pnmac.com.saml.dev</types1:ModifiedBy>
      <types1:ModificationDate>2020-08-27T14:58:05Z</types1:ModificationDate>
      <types1:PublicationStatus>published</types1:PublicationStatus>
      <types1:PublishedBy>prabhakar.boddapati@pnmac.com.saml.dev</types1:PublishedBy>
      <types1:PublicationDate>2020-09-03T16:17:01Z</types1:PublicationDate>
      <types1:PublishedContributionId>project:/tf.tf_trade_Pairoff_Mailroom/tf_trade_Pairoff_Mailroom.tf.xml</types1:PublishedContributionId>
      <types1:AutosaveExists>false</types1:AutosaveExists>
      <types1:Entry>
         <taskflow xmlns="http://schemas.active-endpoints.com/appmodules/screenflow/2010/10/avosScreenflow.xsd"
                   xmlns:list="urn:activevos:spi:list:functions"
                   displayName="tf_trade_Pairoff_Mailroom"
                   name="tf_trade_Pairoff_Mailroom"
                   overrideAPIName="false">
            <appliesTo/>
            <description/>
            <tags/>
            <generator>Informatica Process Designer 11</generator>
            <tempFields>
               <field description="" name="TaskLoadStatus" type="string">
                  <options>
                     <option name="required">false</option>
                  </options>
               </field>
               <field description="" name="Trade Management Stg to HUB" type="reference">
                  <options>
                     <option name="referenceTo">$po:t-API-Stg-Commitmentdetails</option>
                  </options>
               </field>
               <field description="" name="Pair Off Stg to Hub" type="reference">
                  <options>
                     <option name="referenceTo">$po:t-API-stg-PairOffs</option>
                  </options>
               </field>
               <field description="" name="TradePairoff_Email" type="reference">
                  <options>
                     <option name="referenceTo">$po:t-Trade-email-trigger</option>
                  </options>
               </field>
               <field description="" name="Env" type="string">
                  <options>
                     <option name="required">false</option>
                  </options>
               </field>
               <field description="" name="Code" type="string">
                  <options>
                     <option name="required">false</option>
                  </options>
               </field>
               <field description="" name="Detail" type="string">
                  <options>
                     <option name="required">false</option>
                  </options>
               </field>
               <field description="" name="Reason" type="string">
                  <options>
                     <option name="required">false</option>
                  </options>
               </field>
               <field description="" name="Recipient" type="string">
                  <options>
                     <option name="required">false</option>
                  </options>
               </field>
               <field description=""
                      name="Trigger Trade Management JSON Script"
                      type="reference">
                  <options>
                     <option name="referenceTo">$po:t-trigger-trademng-json-script</option>
                  </options>
               </field>
               <field description="" name="Trigger Pair Off JSON Script" type="reference">
                  <options>
                     <option name="referenceTo">$po:t-trigger-PairOff-json-script</option>
                  </options>
               </field>
               <field description="" name="FileArchival" type="reference">
                  <options>
                     <option name="referenceTo">$po:t-trigger-trademng-archive</option>
                  </options>
               </field>
            </tempFields>
            <notes/>
            <deployment suspendOnFault="false" tracingLevel="verbose">
               <rest>
                  <allowedGroups>
                     <group>PNMAC Service Consumer</group>
                  </allowedGroups>
               </rest>
            </deployment>
            <flow id="a">
               <start id="b">
                  <link id="kc3a55nc" targetId="kc3a55oh"/>
               </start>
               <eventContainer id="kc3a55oh">
                  <service id="kc3a55nb">
                     <title>TradePairoff_Email</title>
                     <serviceName>ICSExecuteDataTask</serviceName>
                     <serviceGUID/>
                     <serviceInput>
                        <parameter name="Wait for Task to Complete" source="constant" updatable="true">true</parameter>
                        <parameter name="Max Wait" source="constant" updatable="true">86400</parameter>
                        <parameter name="Task Name" source="constant" updatable="true">t_Trade_email_trigger</parameter>
                        <parameter name="GUID" source="constant" updatable="true">a2Ob3NFcqhCkWy351RCcMO</parameter>
                        <parameter name="Task Type" source="constant" updatable="true">MCT</parameter>
                        <parameter name="Has Inout Parameters" source="constant" updatable="true">true</parameter>
                        <parameter name="taskField" source="nested">
                           <operation source="field" to="t-Trade-email-trigger">temp.TradePairoff_Email</operation>
                        </parameter>
                     </serviceInput>
                     <serviceOutput>
                        <operation source="field" to="temp.TradePairoff_Email/output/Object_Name">Object Name</operation>
                        <operation source="field" to="temp.TradePairoff_Email/output/Run_Id">Run Id</operation>
                        <operation source="field" to="temp.TradePairoff_Email/output/Log_Id">Log Id</operation>
                        <operation source="field" to="temp.TradePairoff_Email/output/Task_Id">Task Id</operation>
                        <operation source="field" to="temp.TradePairoff_Email/output/Task_Status">Task Status</operation>
                        <operation source="field" to="temp.TradePairoff_Email/output/Success_Source_Rows">Success Source Rows</operation>
                        <operation source="field" to="temp.TradePairoff_Email/output/Failed_Source_Rows">Failed Source Rows</operation>
                        <operation source="field" to="temp.TradePairoff_Email/output/Success_Target_Rows">Success Target Rows</operation>
                        <operation source="field" to="temp.TradePairoff_Email/output/Failed_Target_Rows">Failed Target Rows</operation>
                        <operation source="field" to="temp.TradePairoff_Email/output/Start_Time">Start Time</operation>
                        <operation source="field" to="temp.TradePairoff_Email/output/End_Time">End Time</operation>
                        <operation source="field" to="temp.TradePairoff_Email/output/Error_Message">Error Message</operation>
                        <operation source="field" to="temp.TradePairoff_Email/inout/Email_Failure_Dev">Email_Failure_Dev</operation>
                        <operation source="field" to="temp.TradePairoff_Email/inout/Email_Failure_Prod">Email_Failure_Prod</operation>
                        <operation source="field" to="temp.TradePairoff_Email/inout/Email_Failure_QA">Email_Failure_QA</operation>
                        <operation source="field" to="temp.TradePairoff_Email/inout/QAOrg">QAOrg</operation>
                        <operation source="field" to="temp.TradePairoff_Email/inout/StgOrg">StgOrg</operation>
                        <operation source="field" to="temp.TradePairoff_Email/inout/ProdOrg">ProdOrg</operation>
                        <operation source="field" to="temp.TradePairoff_Email/inout/DevOrg">DevOrg</operation>
                        <operation source="field" to="temp.TradePairoff_Email/inout/Email_Failure_Stg">Email_Failure_Stg</operation>
                        <operation source="field" to="temp.TradePairoff_Email/inout/Email_Failure_Stg2">Email_Failure_Stg2</operation>
                        <operation source="field" to="temp.TradePairoff_Email/inout/Dev2Org">Dev2Org</operation>
                        <operation source="field" to="temp.TradePairoff_Email/inout/Stg2Org">Stg2Org</operation>
                        <operation source="field" to="temp.TradePairoff_Email/inout/QA2Org">QA2Org</operation>
                        <operation source="field" to="temp.TradePairoff_Email/inout/Email_Failure_Dev2">Email_Failure_Dev2</operation>
                     </serviceOutput>
                  </service>
                  <flow id="kc3a55oj">
                     <link id="kc3a55ok" targetId="kc3a55oh" type="containerLink"/>
                  </flow>
                  <flow id="kc3a55om">
                     <jumpTo id="kc3a55ou">
                        <link id="kc3a55ov" targetId="kc1retru"/>
                     </jumpTo>
                  </flow>
                  <link id="kc3a55oi" targetId="kc3a55oj" type="containerLink"/>
                  <link id="kectj1c9" targetId="kectj1de"/>
                  <events>
                     <catch faultField="temp.TradePairoff_Email/fault"
                            id="kc1retsg"
                            interrupting="true"
                            name="error">
                        <link id="kc3a55ol" targetId="kc3a55om" type="containerLink"/>
                     </catch>
                     <catch faultField="temp.TradePairoff_Email/fault"
                            id="kc1retsh"
                            interrupting="true"
                            name="warning"/>
                  </events>
               </eventContainer>
               <eventContainer id="kectj1de">
                  <service id="kectj1c8">
                     <title>Trigger Trade Management JSON Script</title>
                     <serviceName>ICSExecuteDataTask</serviceName>
                     <serviceGUID/>
                     <serviceInput>
                        <parameter name="Wait for Task to Complete" source="constant" updatable="true">true</parameter>
                        <parameter name="Max Wait" source="constant" updatable="true">86400</parameter>
                        <parameter name="Task Name" source="constant" updatable="true">t_trigger_trademng_json_script</parameter>
                        <parameter name="GUID" source="constant" updatable="true">99dF03IxjIfljvSkTftsM9</parameter>
                        <parameter name="Task Type" source="constant" updatable="true">MCT</parameter>
                        <parameter name="Has Inout Parameters" source="constant" updatable="true">false</parameter>
                        <parameter name="taskField" source="nested">
                           <operation source="field" to="t-trigger-trademng-json-script">temp.Trigger Trade Management JSON Script</operation>
                        </parameter>
                     </serviceInput>
                     <serviceOutput>
                        <operation source="field"
                                   to="temp.Trigger Trade Management JSON Script/output/Object_Name">Object Name</operation>
                        <operation source="field"
                                   to="temp.Trigger Trade Management JSON Script/output/Run_Id">Run Id</operation>
                        <operation source="field"
                                   to="temp.Trigger Trade Management JSON Script/output/Log_Id">Log Id</operation>
                        <operation source="field"
                                   to="temp.Trigger Trade Management JSON Script/output/Task_Id">Task Id</operation>
                        <operation source="field"
                                   to="temp.Trigger Trade Management JSON Script/output/Task_Status">Task Status</operation>
                        <operation source="field"
                                   to="temp.Trigger Trade Management JSON Script/output/Success_Source_Rows">Success Source Rows</operation>
                        <operation source="field"
                                   to="temp.Trigger Trade Management JSON Script/output/Failed_Source_Rows">Failed Source Rows</operation>
                        <operation source="field"
                                   to="temp.Trigger Trade Management JSON Script/output/Success_Target_Rows">Success Target Rows</operation>
                        <operation source="field"
                                   to="temp.Trigger Trade Management JSON Script/output/Failed_Target_Rows">Failed Target Rows</operation>
                        <operation source="field"
                                   to="temp.Trigger Trade Management JSON Script/output/Start_Time">Start Time</operation>
                        <operation source="field"
                                   to="temp.Trigger Trade Management JSON Script/output/End_Time">End Time</operation>
                        <operation source="field"
                                   to="temp.Trigger Trade Management JSON Script/output/Error_Message">Error Message</operation>
                     </serviceOutput>
                  </service>
                  <flow id="kectj1ee">
                     <link id="kectj1ef" targetId="kectj1de" type="containerLink"/>
                  </flow>
                  <flow id="kectj1eh">
                     <jumpTo id="kectj1et">
                        <link id="kectj1eu" targetId="kc1retru"/>
                     </jumpTo>
                  </flow>
                  <link id="kectj1ed" targetId="kectj1ee" type="containerLink"/>
                  <link id="kectj1fo" targetId="kc3a55pq"/>
                  <events>
                     <catch faultField="temp.Trigger Trade Management JSON Script/fault"
                            id="kectj1dc"
                            interrupting="true"
                            name="error">
                        <link id="kectj1eg" targetId="kectj1eh" type="containerLink"/>
                     </catch>
                     <catch faultField="temp.Trigger Trade Management JSON Script/fault"
                            id="kectj1dd"
                            interrupting="true"
                            name="warning"/>
                  </events>
               </eventContainer>
               <eventContainer id="kc3a55pq">
                  <service id="kc3a55m5">
                     <title>Trade Management Stg to HUB</title>
                     <serviceName>ICSExecuteDataTask</serviceName>
                     <serviceGUID/>
                     <serviceInput>
                        <parameter name="Wait for Task to Complete" source="constant" updatable="true">true</parameter>
                        <parameter name="Max Wait" source="constant" updatable="true">86400</parameter>
                        <parameter name="Task Name" source="constant" updatable="true">t_API_Stg_Commitmentdetails</parameter>
                        <parameter name="GUID" source="constant" updatable="true">d6FqYD8YpAGblj79vTFbgy</parameter>
                        <parameter name="Task Type" source="constant" updatable="true">MCT</parameter>
                        <parameter name="Has Inout Parameters" source="constant" updatable="true">false</parameter>
                        <parameter name="taskField" source="nested">
                           <operation source="field" to="t-API-Stg-Commitmentdetails">temp.Trade Management Stg to HUB</operation>
                        </parameter>
                     </serviceInput>
                     <serviceOutput>
                        <operation source="field" to="temp.Trade Management Stg to HUB/output/Object_Name">Object Name</operation>
                        <operation source="field" to="temp.Trade Management Stg to HUB/output/Run_Id">Run Id</operation>
                        <operation source="field" to="temp.Trade Management Stg to HUB/output/Log_Id">Log Id</operation>
                        <operation source="field" to="temp.Trade Management Stg to HUB/output/Task_Id">Task Id</operation>
                        <operation source="field" to="temp.Trade Management Stg to HUB/output/Task_Status">Task Status</operation>
                        <operation source="field"
                                   to="temp.Trade Management Stg to HUB/output/Success_Source_Rows">Success Source Rows</operation>
                        <operation source="field"
                                   to="temp.Trade Management Stg to HUB/output/Failed_Source_Rows">Failed Source Rows</operation>
                        <operation source="field"
                                   to="temp.Trade Management Stg to HUB/output/Success_Target_Rows">Success Target Rows</operation>
                        <operation source="field"
                                   to="temp.Trade Management Stg to HUB/output/Failed_Target_Rows">Failed Target Rows</operation>
                        <operation source="field" to="temp.Trade Management Stg to HUB/output/Start_Time">Start Time</operation>
                        <operation source="field" to="temp.Trade Management Stg to HUB/output/End_Time">End Time</operation>
                        <operation source="field"
                                   to="temp.Trade Management Stg to HUB/output/Error_Message">Error Message</operation>
                     </serviceOutput>
                  </service>
                  <flow id="kc3a55ps">
                     <link id="kc3a55pt" targetId="kc3a55pq" type="containerLink"/>
                  </flow>
                  <flow id="kc3a55pv">
                     <jumpTo id="kc3a55q5">
                        <link id="kc3a55q6" targetId="kc1retru"/>
                     </jumpTo>
                  </flow>
                  <link id="kc3a55pr" targetId="kc3a55ps" type="containerLink"/>
                  <link id="kectj1g4" targetId="kectj1h1"/>
                  <events>
                     <catch faultField="temp.Trade Management Stg to HUB/fault"
                            id="kaqfhl3r"
                            interrupting="true"
                            name="error">
                        <link id="kc3a55pu" targetId="kc3a55pv" type="containerLink"/>
                     </catch>
                     <catch faultField="temp.Trade Management Stg to HUB/fault"
                            id="kaqfhl3s"
                            interrupting="true"
                            name="warning"/>
                  </events>
               </eventContainer>
               <eventContainer id="kectj1h1">
                  <service id="kectj1g3">
                     <title>Trigger Pair Off JSON Script</title>
                     <serviceName>ICSExecuteDataTask</serviceName>
                     <serviceGUID/>
                     <serviceInput>
                        <parameter name="Wait for Task to Complete" source="constant" updatable="true">true</parameter>
                        <parameter name="Max Wait" source="constant" updatable="true">86400</parameter>
                        <parameter name="Task Name" source="constant" updatable="true">t_trigger_PairOff_json_script</parameter>
                        <parameter name="GUID" source="constant" updatable="true">7vkPPGGmwW5cu2LRSe3tYK</parameter>
                        <parameter name="Task Type" source="constant" updatable="true">MCT</parameter>
                        <parameter name="Has Inout Parameters" source="constant" updatable="true">false</parameter>
                        <parameter name="taskField" source="nested">
                           <operation source="field" to="t-trigger-PairOff-json-script">temp.Trigger Pair Off JSON Script</operation>
                        </parameter>
                     </serviceInput>
                     <serviceOutput>
                        <operation source="field"
                                   to="temp.Trigger Pair Off JSON Script/output/Object_Name">Object Name</operation>
                        <operation source="field" to="temp.Trigger Pair Off JSON Script/output/Run_Id">Run Id</operation>
                        <operation source="field" to="temp.Trigger Pair Off JSON Script/output/Log_Id">Log Id</operation>
                        <operation source="field" to="temp.Trigger Pair Off JSON Script/output/Task_Id">Task Id</operation>
                        <operation source="field"
                                   to="temp.Trigger Pair Off JSON Script/output/Task_Status">Task Status</operation>
                        <operation source="field"
                                   to="temp.Trigger Pair Off JSON Script/output/Success_Source_Rows">Success Source Rows</operation>
                        <operation source="field"
                                   to="temp.Trigger Pair Off JSON Script/output/Failed_Source_Rows">Failed Source Rows</operation>
                        <operation source="field"
                                   to="temp.Trigger Pair Off JSON Script/output/Success_Target_Rows">Success Target Rows</operation>
                        <operation source="field"
                                   to="temp.Trigger Pair Off JSON Script/output/Failed_Target_Rows">Failed Target Rows</operation>
                        <operation source="field" to="temp.Trigger Pair Off JSON Script/output/Start_Time">Start Time</operation>
                        <operation source="field" to="temp.Trigger Pair Off JSON Script/output/End_Time">End Time</operation>
                        <operation source="field"
                                   to="temp.Trigger Pair Off JSON Script/output/Error_Message">Error Message</operation>
                     </serviceOutput>
                  </service>
                  <flow id="kectj1je">
                     <link id="kectj1jf" targetId="kectj1h1" type="containerLink"/>
                  </flow>
                  <flow id="kectj1jh">
                     <jumpTo id="kectj1jt">
                        <link id="kectj1ju" targetId="kc1retru"/>
                     </jumpTo>
                  </flow>
                  <link id="kectj1jd" targetId="kectj1je" type="containerLink"/>
                  <link id="kectj1lv" targetId="kc3a55r5"/>
                  <events>
                     <catch faultField="temp.Trigger Pair Off JSON Script/fault"
                            id="kectj1gz"
                            interrupting="true"
                            name="error">
                        <link id="kectj1jg" targetId="kectj1jh" type="containerLink"/>
                     </catch>
                     <catch faultField="temp.Trigger Pair Off JSON Script/fault"
                            id="kectj1h0"
                            interrupting="true"
                            name="warning"/>
                  </events>
               </eventContainer>
               <eventContainer id="kc3a55r5">
                  <service id="kc3a55mt">
                     <title>Pair Off Stg to Hub</title>
                     <serviceName>ICSExecuteDataTask</serviceName>
                     <serviceGUID/>
                     <serviceInput>
                        <parameter name="Wait for Task to Complete" source="constant" updatable="true">true</parameter>
                        <parameter name="Max Wait" source="constant" updatable="true">86400</parameter>
                        <parameter name="Task Name" source="constant" updatable="true">t_API_stg_PairOffs</parameter>
                        <parameter name="GUID" source="constant" updatable="true">g2w4vqKYuYHdOUXQPY7W8u</parameter>
                        <parameter name="Task Type" source="constant" updatable="true">MCT</parameter>
                        <parameter name="Has Inout Parameters" source="constant" updatable="true">false</parameter>
                        <parameter name="taskField" source="nested">
                           <operation source="field" to="t-API-stg-PairOffs">temp.Pair Off Stg to Hub</operation>
                        </parameter>
                     </serviceInput>
                     <serviceOutput>
                        <operation source="field" to="temp.Pair Off Stg to Hub/output/Object_Name">Object Name</operation>
                        <operation source="field" to="temp.Pair Off Stg to Hub/output/Run_Id">Run Id</operation>
                        <operation source="field" to="temp.Pair Off Stg to Hub/output/Log_Id">Log Id</operation>
                        <operation source="field" to="temp.Pair Off Stg to Hub/output/Task_Id">Task Id</operation>
                        <operation source="field" to="temp.Pair Off Stg to Hub/output/Task_Status">Task Status</operation>
                        <operation source="field" to="temp.Pair Off Stg to Hub/output/Success_Source_Rows">Success Source Rows</operation>
                        <operation source="field" to="temp.Pair Off Stg to Hub/output/Failed_Source_Rows">Failed Source Rows</operation>
                        <operation source="field" to="temp.Pair Off Stg to Hub/output/Success_Target_Rows">Success Target Rows</operation>
                        <operation source="field" to="temp.Pair Off Stg to Hub/output/Failed_Target_Rows">Failed Target Rows</operation>
                        <operation source="field" to="temp.Pair Off Stg to Hub/output/Start_Time">Start Time</operation>
                        <operation source="field" to="temp.Pair Off Stg to Hub/output/End_Time">End Time</operation>
                        <operation source="field" to="temp.Pair Off Stg to Hub/output/Error_Message">Error Message</operation>
                     </serviceOutput>
                  </service>
                  <flow id="kc3a55r7">
                     <link id="kc3a55r8" targetId="kc3a55r5" type="containerLink"/>
                  </flow>
                  <flow id="kc3a55ra">
                     <jumpTo id="kc3a55rm">
                        <link id="kc3a55rn" targetId="kc1retru"/>
                     </jumpTo>
                  </flow>
                  <link id="kc3a55r6" targetId="kc3a55r7" type="containerLink"/>
                  <link id="kectj1mb" targetId="kectj1n8"/>
                  <events>
                     <catch faultField="temp.Pair Off Stg to Hub/fault"
                            id="kaqfhl5b"
                            interrupting="true"
                            name="error">
                        <link id="kc3a55r9" targetId="kc3a55ra" type="containerLink"/>
                     </catch>
                     <catch faultField="temp.Pair Off Stg to Hub/fault"
                            id="kaqfhl5c"
                            interrupting="true"
                            name="warning"/>
                  </events>
               </eventContainer>
               <eventContainer id="kectj1n8">
                  <service id="kectj1ma">
                     <title>FileArchival</title>
                     <serviceName>ICSExecuteDataTask</serviceName>
                     <serviceGUID/>
                     <serviceInput>
                        <parameter name="Wait for Task to Complete" source="constant" updatable="true">true</parameter>
                        <parameter name="Max Wait" source="constant" updatable="true">86400</parameter>
                        <parameter name="Task Name" source="constant" updatable="true">t_trigger_trademng_archive</parameter>
                        <parameter name="GUID" source="constant" updatable="true">ke0gvMLjsQxeIe3Yu7fTaw</parameter>
                        <parameter name="Task Type" source="constant" updatable="true">MCT</parameter>
                        <parameter name="Has Inout Parameters" source="constant" updatable="true">false</parameter>
                        <parameter name="taskField" source="nested">
                           <operation source="field" to="t-trigger-trademng-archive">temp.FileArchival</operation>
                        </parameter>
                     </serviceInput>
                     <serviceOutput>
                        <operation source="field" to="temp.FileArchival/output/Object_Name">Object Name</operation>
                        <operation source="field" to="temp.FileArchival/output/Run_Id">Run Id</operation>
                        <operation source="field" to="temp.FileArchival/output/Log_Id">Log Id</operation>
                        <operation source="field" to="temp.FileArchival/output/Task_Id">Task Id</operation>
                        <operation source="field" to="temp.FileArchival/output/Task_Status">Task Status</operation>
                        <operation source="field" to="temp.FileArchival/output/Success_Source_Rows">Success Source Rows</operation>
                        <operation source="field" to="temp.FileArchival/output/Failed_Source_Rows">Failed Source Rows</operation>
                        <operation source="field" to="temp.FileArchival/output/Success_Target_Rows">Success Target Rows</operation>
                        <operation source="field" to="temp.FileArchival/output/Failed_Target_Rows">Failed Target Rows</operation>
                        <operation source="field" to="temp.FileArchival/output/Start_Time">Start Time</operation>
                        <operation source="field" to="temp.FileArchival/output/End_Time">End Time</operation>
                        <operation source="field" to="temp.FileArchival/output/Error_Message">Error Message</operation>
                     </serviceOutput>
                  </service>
                  <flow id="kectj1og">
                     <link id="kectj1oh" targetId="kectj1n8" type="containerLink"/>
                  </flow>
                  <flow id="kectj1oj">
                     <jumpTo id="kectj1ov">
                        <link id="kectj1ow" targetId="kc1retru"/>
                     </jumpTo>
                  </flow>
                  <link id="kectj1of" targetId="kectj1og" type="containerLink"/>
                  <link id="kectj1qx" targetId="kc1retru"/>
                  <events>
                     <catch faultField="temp.FileArchival/fault"
                            id="kectj1n6"
                            interrupting="true"
                            name="error">
                        <link id="kectj1oi" targetId="kectj1oj" type="containerLink"/>
                     </catch>
                     <catch faultField="temp.FileArchival/fault"
                            id="kectj1n7"
                            interrupting="true"
                            name="warning"/>
                  </events>
               </eventContainer>
               <assignment id="kc1retru">
                  <title>TradePairoff_email_assignment</title>
                  <operation source="formula" to="temp.TaskLoadStatus">
                     <expression language="XQuery">if(($temp.TriggerTradeManagementJSONScript[1]/output[1]/Task_Status  ='1' and $temp.TriggerTradeManagementJSONScript[1]/output[1]/Error_Message='No errors encountered.') 
and
($temp.TriggerPairOffJSONScript[1]/output[1]/Task_Status ='1' and $temp.TriggerPairOffJSONScript[1]/output[1]/Error_Message ='No errors encountered.' ) 
and 
($temp.TradePairoff_Email[1]/output[1]/Task_Status ='1' and $temp.TradePairoff_Email[1]/output[1]/Error_Message='No errors encountered.' ) 
and
($temp.PairOffStgtoHub[1]/output[1]/Task_Status ='1' and $temp.PairOffStgtoHub[1]/output[1]/Error_Message='No errors encountered.') 
and 
($temp.FileArchival[1]/output[1]/Task_Status  ='1' and $temp.FileArchival[1]/output[1]/Error_Message ='No errors encountered.')
and
($temp.TradeManagementStgtoHUB[1]/output[1]/Task_Status ='1' 
and $temp.TradeManagementStgtoHUB[1]/output[1]/Error_Message='No errors encountered.' ))
then 'Success'
else 'Failure'</expression>
                  </operation>
                  <operation source="formula" to="temp.Env">
                     <expression language="XQuery">if(util:getOrganizationId()=$temp.TradePairoff_Email[1]/inout[1]/DevOrg  )
		then 'DEV'
		else 
if(util:getOrganizationId()=$temp.TradePairoff_Email[1]/inout[1]/QAOrg  )
		then 'QA'
        else 
if(util:getOrganizationId()=$temp.TradePairoff_Email[1]/inout[1]/StgOrg   )
        then 'STG'
        else 
if(util:getOrganizationId()=$temp.TradePairoff_Email[1]/inout[1]/ProdOrg  )
        then 'PROD'
		else
 if(util:getOrganizationId()=$temp.TradePairoff_Email[1]/inout[1]/Dev2Org  )
		then 'DEV2'
		else 
if(util:getOrganizationId()=$temp.TradePairoff_Email[1]/inout[1]/QA2Org   )
		then 'QA2'
        else 
if(util:getOrganizationId()=$temp.TradePairoff_Email[1]/inout[1]/Stg2Org  )
        then 'STG2'
        else ''</expression>
                  </operation>
                  <operation source="formula" to="temp.Code">
                     <expression language="XQuery">if($temp.FileArchival[1]/fault[1]/code != ''  )
		then $temp.FileArchival[1]/fault[1]/code  
		else 
if($temp.TriggerTradeManagementJSONScript[1]/fault[1]/code != '' )
	then $temp.TriggerTradeManagementJSONScript[1]/fault[1]/code   
        else 
if($temp.TradeManagementStgtoHUB[1]/fault[1]/code != '')
        then $temp.TradeManagementStgtoHUB[1]/fault[1]/code   
        else 
if($temp.TriggerPairOffJSONScript[1]/fault[1]/code != '')
        then $temp.TriggerPairOffJSONScript[1]/fault[1]/code  
        else 
if($temp.PairOffStgtoHub[1]/fault[1]/code != '')
        then $temp.PairOffStgtoHub[1]/fault[1]/code 
        else      
if($temp.TradePairoff_Email[1]/fault[1]/code != '')
        then $temp.TradePairoff_Email[1]/fault[1]/code         
        else ''
 </expression>
                  </operation>
                  <operation source="formula" to="temp.Detail">
                     <expression language="XQuery">if($temp.FileArchival[1]/fault[1]/detail  != ''  )
		then $temp.FileArchival[1]/fault[1]/detail  
		else 
if($temp.TriggerTradeManagementJSONScript[1]/fault[1]/detail != '' )
	then $temp.TriggerTradeManagementJSONScript[1]/fault[1]/detail   
        else 
if($temp.TradeManagementStgtoHUB[1]/fault[1]/detail != '')
        then $temp.TradeManagementStgtoHUB[1]/fault[1]/detail   
        else 
if($temp.TriggerPairOffJSONScript[1]/fault[1]/detail != '')
        then $temp.TriggerPairOffJSONScript[1]/fault[1]/detail  
        else 
if($temp.PairOffStgtoHub[1]/fault[1]/detail != '')
        then $temp.PairOffStgtoHub[1]/fault[1]/detail 
        else      
if($temp.TradePairoff_Email[1]/fault[1]/detail != '')
        then $temp.TradePairoff_Email[1]/fault[1]/detail  
        else ''
 </expression>
                  </operation>
                  <operation source="formula" to="temp.Reason">
                     <expression language="XQuery">if($temp.FileArchival[1]/fault[1]/reason  != ''  )
		then $temp.FileArchival[1]/fault[1]/reason  
		else 
if($temp.TriggerTradeManagementJSONScript[1]/fault[1]/reason != '' )
	then $temp.TriggerTradeManagementJSONScript[1]/fault[1]/reason   
        else 
if($temp.TradeManagementStgtoHUB[1]/fault[1]/reason != '')
        then $temp.TradeManagementStgtoHUB[1]/fault[1]/reason   
        else 
if($temp.TriggerPairOffJSONScript[1]/fault[1]/reason != '')
        then $temp.TriggerPairOffJSONScript[1]/fault[1]/reason  
        else 
if($temp.PairOffStgtoHub[1]/fault[1]/reason != '')
        then $temp.PairOffStgtoHub[1]/fault[1]/reason 
        else                
if($temp.TradePairoff_Email[1]/fault[1]/reason != '')
        then $temp.TradePairoff_Email[1]/fault[1]/reason  
        else ''
 </expression>
                  </operation>
                  <operation source="formula" to="temp.Recipient">
                     <expression language="XQuery">if(util:getOrganizationId() = $temp.TradePairoff_Email[1]/inout[1]/DevOrg  )
		then $temp.TradePairoff_Email[1]/inout[1]/Email_Failure_Dev  
		else 
if(util:getOrganizationId() =$temp.TradePairoff_Email[1]/inout[1]/QAOrg  )
		then $temp.TradePairoff_Email[1]/inout[1]/Email_Failure_QA  
        else 
if(util:getOrganizationId() =$temp.TradePairoff_Email[1]/inout[1]/StgOrg  )
        then $temp.TradePairoff_Email[1]/inout[1]/Email_Failure_Stg  
        else 
if(util:getOrganizationId() =$temp.TradePairoff_Email[1]/inout[1]/ProdOrg  )
        then $temp.TradePairoff_Email[1]/inout[1]/Email_Failure_Prod 
        else
if(util:getOrganizationId() = $temp.TradePairoff_Email[1]/inout[1]/$temp.TradePairoff_Email[1]/inout[1]/Dev2Org   )
		then $temp.TradePairoff_Email[1]/inout[1]/Email_Failure_Dev2   
		else 
if(util:getOrganizationId() =$temp.TradePairoff_Email[1]/inout[1]/QA2Org  )
		then $temp.TradePairoff_Email[1]/inout[1]/Email_Failure_QA2   
        else 
if(util:getOrganizationId() =$temp.TradePairoff_Email[1]/inout[1]/Stg2Org   )
        then $temp.TradePairoff_Email[1]/inout[1]/Email_Failure_Stg2 
        else ''</expression>
                  </operation>
                  <link id="kc1rettd" targetId="kc1rettc"/>
               </assignment>
               <container id="kc1rettc" type="exclusive">
                  <title>Email_Decision</title>
                  <flow id="kc1rettg">
                     <service id="kc3a55np">
                        <title>Email_Failure</title>
                        <serviceName>emailNotificationService</serviceName>
                        <serviceGUID/>
                        <serviceInput>
                           <parameter name="Email To" source="constant">{$temp.Recipient}</parameter>
                           <parameter name="Email Cc" source="constant"/>
                           <parameter name="Email Subject" source="constant">{$temp.Env} : Load Failure For TradePairOff Hub</parameter>
                           <parameter name="Email Content Type" source="constant">html</parameter>
                           <parameter name="Email Body" source="constant">&lt;p&gt;&lt;span style="color: #000000;"&gt;Hub load failed for&amp;nbsp;&lt;strong&gt;TradePairOff&lt;/strong&gt;, please check the session log for more details.&lt;/span&gt;&lt;/p&gt;
&lt;p&gt;&lt;span style="color: #000000;"&gt;&lt;strong&gt;Code&lt;/strong&gt;&amp;nbsp;:&amp;nbsp;{$temp.Code}&lt;/span&gt;&lt;/p&gt;
&lt;p&gt;&lt;span style="color: #000000;"&gt;&lt;strong&gt;Detail&lt;/strong&gt;&amp;nbsp;:&amp;nbsp;{$temp.Detail}&lt;/span&gt;&lt;/p&gt;
&lt;p&gt;&lt;span style="color: #000000;"&gt;&lt;strong&gt;Reason&lt;/strong&gt;&amp;nbsp;:&amp;nbsp;{$temp.Reason}&lt;/span&gt;&lt;/p&gt;</parameter>
                        </serviceInput>
                        <serviceOutput/>
                        <link id="kea3ym75" targetId="kea3ym74"/>
                     </service>
                     <throw id="kea3ym74">
                        <title>Exception</title>
                        <throwInput>
                           <parameter name="code" source="constant" updatable="true">999</parameter>
                           <parameter name="detail" source="formula" updatable="true">
                              <expression language="XQuery">if($temp.FileArchival[1]/fault[1]/detail  != ''  )
		then $temp.FileArchival[1]/fault[1]/detail  
		else 
if($temp.TriggerTradeManagementJSONScript[1]/fault[1]/detail != '' )
	then $temp.TriggerTradeManagementJSONScript[1]/fault[1]/detail   
        else 
if($temp.TradeManagementStgtoHUB[1]/fault[1]/detail != '')
        then $temp.TradeManagementStgtoHUB[1]/fault[1]/detail   
        else 
if($temp.TriggerPairOffJSONScript[1]/fault[1]/detail != '')
        then $temp.TriggerPairOffJSONScript[1]/fault[1]/detail  
        else 
if($temp.PairOffStgtoHub[1]/fault[1]/detail != '')
        then $temp.PairOffStgtoHub[1]/fault[1]/detail 
        else      
if($temp.TradePairoff_Email[1]/fault[1]/detail != '')
        then $temp.TradePairoff_Email[1]/fault[1]/detail  
        else ''
 </expression>
                           </parameter>
                           <parameter name="reason" source="formula" updatable="true">
                              <expression language="XQuery">if($temp.FileArchival[1]/fault[1]/reason  != ''  )
		then $temp.FileArchival[1]/fault[1]/reason  
		else 
if($temp.TriggerTradeManagementJSONScript[1]/fault[1]/reason != '' )
	then $temp.TriggerTradeManagementJSONScript[1]/fault[1]/reason   
        else 
if($temp.TradeManagementStgtoHUB[1]/fault[1]/reason != '')
        then $temp.TradeManagementStgtoHUB[1]/fault[1]/reason   
        else 
if($temp.TriggerPairOffJSONScript[1]/fault[1]/reason != '')
        then $temp.TriggerPairOffJSONScript[1]/fault[1]/reason  
        else 
if($temp.PairOffStgtoHub[1]/fault[1]/reason != '')
        then $temp.PairOffStgtoHub[1]/fault[1]/reason 
        else               
if($temp.TradePairoff_Email[1]/fault[1]/reason != '')
        then $temp.TradePairoff_Email[1]/fault[1]/reason  
        else ''
 </expression>
                           </parameter>
                        </throwInput>
                     </throw>
                  </flow>
                  <flow id="kc1rettj">
                     <end id="kea93ys4"/>
                  </flow>
                  <link id="kc1rettf" targetId="kc1rettg" type="containerLink">
                     <condition source="formula">
                        <function name="contains">
                           <arg name="left">{$temp.TaskLoadStatus}</arg>
                           <arg name="right">Failure</arg>
                        </function>
                     </condition>
                  </link>
                  <link id="kc1retti" targetId="kc1rettj" type="containerLink"/>
               </container>
            </flow>
            <dependencies>
               <processObject xmlns="http://schemas.active-endpoints.com/appmodules/screenflow/2011/06/avosHostEnvironment.xsd"
                              displayName="t-API-Stg-Commitmentdetails"
                              isByCopy="true"
                              name="t-API-Stg-Commitmentdetails">
                  <description/>
                  <tags/>
                  <detail>
                     <field label="Output Parameters" name="output" type="reference"/>
                     <field label="Fault" name="fault" type="reference"/>
                  </detail>
               </processObject>
               <processObject xmlns="http://schemas.active-endpoints.com/appmodules/screenflow/2011/06/avosHostEnvironment.xsd"
                              displayName="t-API-stg-PairOffs"
                              isByCopy="true"
                              name="t-API-stg-PairOffs">
                  <description/>
                  <tags/>
                  <detail>
                     <field label="Output Parameters" name="output" type="reference"/>
                     <field label="Fault" name="fault" type="reference"/>
                  </detail>
               </processObject>
               <processObject xmlns="http://schemas.active-endpoints.com/appmodules/screenflow/2011/06/avosHostEnvironment.xsd"
                              displayName="t-Trade-email-trigger"
                              isByCopy="true"
                              name="t-Trade-email-trigger">
                  <description/>
                  <tags/>
                  <detail>
                     <field label="Input Parameters" name="input" type="reference"/>
                     <field label="InOut Parameters" name="inout" type="reference"/>
                     <field label="Output Parameters" name="output" type="reference"/>
                     <field label="Fault" name="fault" type="reference"/>
                  </detail>
               </processObject>
               <processObject xmlns="http://schemas.active-endpoints.com/appmodules/screenflow/2011/06/avosHostEnvironment.xsd"
                              displayName="t-trigger-trademng-json-script"
                              isByCopy="true"
                              name="t-trigger-trademng-json-script">
                  <description/>
                  <tags/>
                  <detail>
                     <field label="Output Parameters" name="output" type="reference"/>
                     <field label="Fault" name="fault" type="reference"/>
                  </detail>
               </processObject>
               <processObject xmlns="http://schemas.active-endpoints.com/appmodules/screenflow/2011/06/avosHostEnvironment.xsd"
                              displayName="t-trigger-PairOff-json-script"
                              isByCopy="true"
                              name="t-trigger-PairOff-json-script">
                  <description/>
                  <tags/>
                  <detail>
                     <field label="Output Parameters" name="output" type="reference"/>
                     <field label="Fault" name="fault" type="reference"/>
                  </detail>
               </processObject>
               <processObject xmlns="http://schemas.active-endpoints.com/appmodules/screenflow/2011/06/avosHostEnvironment.xsd"
                              displayName="t-trigger-trademng-archive"
                              isByCopy="true"
                              name="t-trigger-trademng-archive">
                  <description/>
                  <tags/>
                  <detail>
                     <field label="Output Parameters" name="output" type="reference"/>
                     <field label="Fault" name="fault" type="reference"/>
                  </detail>
               </processObject>
            </dependencies>
         </taskflow>
      </types1:Entry>
      <types1:GUID>6rIWXfubxCHgwdwB4VLaG4</types1:GUID>
      <types1:DisplayName>tf_trade_Pairoff_Mailroom</types1:DisplayName>
   </types1:Item>
   <types1:CurrentServerDateTime>2020-09-15T10:50:30.93Z</types1:CurrentServerDateTime>
</aetgt:getResponse>
