<aetgt:getResponse xmlns:aetgt="http://schemas.active-endpoints.com/appmodules/repository/2010/10/avrepository.xsd"
                   xmlns:types1="http://schemas.active-endpoints.com/appmodules/repository/2010/10/avrepository.xsd">
   <types1:Item>
      <types1:EntryId>6UuINciZBpDUQbg-gt-91936-2020-07-29T06:49:01.931Z::conn.xml</types1:EntryId>
      <types1:Name>ac-email-notification-1</types1:Name>
      <types1:ParentFlowIds>0rpC18ypmaaa-gt-91529-2020-07-29T06:47:49.991Z::pd.xml,17k4AdypKwKBqRi-gt-35251000-2020-08-28T17:21:28.848Z::pd.xml,hx7rsPFn2H0Fdw8-gt-3500749-2020-08-07T07:26:27.117Z::pd.xml,K9hCHbf2XZPnE29-gt-8633294-2020-08-31T06:00:35.914Z::pd.xml,N9Nlv58pIO3M4Ww-gt-25186222-2020-08-31T06:01:36.401Z::pd.xml,rY6tMFyglsO7RY6-gt-16097734-2020-08-24T07:55:10.279Z::pd.xml</types1:ParentFlowIds>
      <types1:MimeType>application/xml+connection</types1:MimeType>
      <types1:Description/>
      <types1:AppliesTo/>
      <types1:Tags>.agent:iics-sa-dw-windows-group</types1:Tags>
      <types1:VersionLabel>1.0</types1:VersionLabel>
      <types1:State>CURRENT</types1:State>
      <types1:ProcessGroup/>
      <types1:CreatedBy>harikrishna.perli@pnmac.com.saml.dev</types1:CreatedBy>
      <types1:CreationDate>2020-07-29T06:49:02Z</types1:CreationDate>
      <types1:ModifiedBy>raghu.krishna@pnmac.com.saml.dev</types1:ModifiedBy>
      <types1:ModificationDate>2020-08-28T15:51:19Z</types1:ModificationDate>
      <types1:PublicationStatus>published</types1:PublicationStatus>
      <types1:PublishedBy>raghu.krishna@pnmac.com.saml.dev</types1:PublishedBy>
      <types1:PublicationDate>2020-08-28T15:51:36Z</types1:PublicationDate>
      <types1:PublishedContributionId>project:/rt.connection/ac-email-notification-1/ac-email-notification-1.conn.xml</types1:PublishedContributionId>
      <types1:AutosaveExists>false</types1:AutosaveExists>
      <types1:Entry>
         <connection xmlns="http://schemas.informatica.com/socrates/data-services/2014/04/avosConnections.xsd"
                     displayName="ac-email-notification"
                     label="ac-email-notification-1"
                     name="ac-email-notification-1">
            <description/>
            <tags>.agent:iics-sa-dw-windows-group</tags>
            <agent>iics-sa-dw-windows-group</agent>
            <attributes>
               <attribute encrypted="false" name="Authentication" value="Disable"/>
               <attribute encrypted="false" name="hostName" value="smtp.aws.pnmac.com"/>
               <attribute encrypted="false" name="port" value="25"/>
               <attribute encrypted="false"
                          name="username"
                          value="enterprise_data_iics_support@pnmac.com"/>
               <attribute encrypted="true" name="password" value=""/>
               <attribute encrypted="false" name="security" value="TLS"/>
               <attribute encrypted="false" name="connectionTimeout" value="10000"/>
               <attribute encrypted="false"
                          name="testToAddress"
                          value="enterprise_data_iics_support@pnmac.com"/>
               <attribute encrypted="false"
                          name="fromAddress"
                          value="enterprisedataiicssupport@pnmac.com"/>
            </attributes>
            <javaConnector xmlns="http://schemas.informatica.com/appmodules/screenflow/2014/04/avosConnectors.xsd"
                           agentOnly="false"
                           plugin="Camel"
                           supportsConnectionTest="true"
                           supportsDataPreview="false"
                           supportsOData="false"
                           type="Email"
                           uuid="9a8a03d0-0437-46c4-bedf-70acb4173c1f">
               <description>Provides connections to email host servers.</description>
            </javaConnector>
         </connection>
      </types1:Entry>
      <types1:GUID>9gC5XCXppMbg2vAmimpFwc</types1:GUID>
      <types1:DisplayName>ac-email-notification</types1:DisplayName>
   </types1:Item>
   <types1:CurrentServerDateTime>2020-09-15T10:50:22.977Z</types1:CurrentServerDateTime>
</aetgt:getResponse>
