<aetgt:getResponse xmlns:aetgt="http://schemas.active-endpoints.com/appmodules/repository/2010/10/avrepository.xsd"
                   xmlns:types1="http://schemas.active-endpoints.com/appmodules/repository/2010/10/avrepository.xsd">
   <types1:Item>
      <types1:EntryId>kVL3C7snSDg8SOl-gt-8353213-2020-03-06T10:39:20.166Z::svc.xml</types1:EntryId>
      <types1:Name>sc_GetTradeDtls</types1:Name>
      <types1:ParentFlowIds>AqhPVEQrXhNUdyO-gt-4404413-2020-05-26T16:04:26.427Z::conn.xml,cjumf6S3wOLIFvu-gt-1669198-2020-02-28T06:12:43.039Z::conn.xml,hujATO9pH8sVYx8-gt-1380521-2020-05-19T09:50:01.115Z::conn.xml,Jyaaaaa-gt-7800005-2020-05-01T19:15:55.569Z::conn.xml,nTTpOzEkhK6LlRk-gt-4275182-2020-07-27T09:42:28.217Z::conn.xml,Yumx1XmgaabclvA-gt-7716905-2020-06-25T07:35:29.808Z::conn.xml,ZCU7uMydx2CGeFR-gt-6742700-2020-03-26T12:47:43.833Z::conn.xml,ZsEi4tciSrZMSPf-gt-9667233-2020-03-09T05:47:42.838Z::conn.xml</types1:ParentFlowIds>
      <types1:MimeType>application/xml+businesssconnector</types1:MimeType>
      <types1:Description/>
      <types1:AppliesTo/>
      <types1:Tags/>
      <types1:VersionLabel>1.0</types1:VersionLabel>
      <types1:State>CURRENT</types1:State>
      <types1:ProcessGroup/>
      <types1:CreatedBy>sravani.diguva</types1:CreatedBy>
      <types1:CreationDate>2020-03-06T10:39:20Z</types1:CreationDate>
      <types1:ModifiedBy>prabhakar.boddapati@pnmac.com.saml.dev</types1:ModifiedBy>
      <types1:ModificationDate>2020-07-27T07:57:16Z</types1:ModificationDate>
      <types1:PublicationStatus>published</types1:PublicationStatus>
      <types1:PublishedBy>prabhakar.boddapati@pnmac.com.saml.dev</types1:PublishedBy>
      <types1:PublicationDate>2020-07-27T07:57:22Z</types1:PublicationDate>
      <types1:PublishedContributionId>project:/rt.connector/sc_GetTradeDtls/sc_GetTradeDtls_svcDef.xml</types1:PublishedContributionId>
      <types1:AutosaveExists>false</types1:AutosaveExists>
      <types1:Entry>
         <businessConnector xmlns="http://schemas.informatica.com/socrates/data-services/2014/05/business-connector-model.xsd"
                            agentOnly="false"
                            debug="false"
                            displayName="sc_GetTradeDtls"
                            label=""
                            name="sc_GetTradeDtls"
                            uuid="2696d83a-c7cb-4e46-af86-7fecadf15777">
            <description/>
            <tags/>
            <connectionAttributes xmlns="http://schemas.informatica.com/appmodules/screenflow/2014/04/avosConnectors.xsd"/>
            <actions>
               <action category=""
                       failOnError="true"
                       forSearch="false"
                       label="Get_Everest_Api_Token "
                       maxRedirects="100"
                       name="Get_Everest_Api_Token "
                       preemptiveAuth="true"
                       responseEncoding="">
                  <description/>
                  <input>
                     <parameter name="pnmacKey"
                                nogen="true"
                                required="true"
                                testWith=""
                                type="string"/>
                     <parameter name="password"
                                nogen="true"
                                required="true"
                                testWith=""
                                type="string"/>
                     <parameter name="env"
                                nogen="true"
                                required="true"
                                testWith=""
                                type="string"/>
                  </input>
                  <binding>
                     <restSimpleBinding multiUsing="semicolonSeparated"
                                        url="https://everest-{$env}.pnmac.com/api/v1/cognito/oauth"
                                        verb="PUT">
                        <httpHeaders>
                           <header name="Content-Type">application/json</header>
                        </httpHeaders>
                        <body>{util:toJSON(
&lt;cognitoOauthTokenRequest&gt;
      &lt;pnmacKey&gt;{$pnmacKey  }&lt;/pnmacKey&gt;
      &lt;password&gt;{$password  }&lt;/password&gt;
   &lt;/cognitoOauthTokenRequest&gt;)}</body>
                     </restSimpleBinding>
                  </binding>
                  <output>
                     <field description=""
                            name="AccessToken"
                            property="AccessToken"
                            type="string"/>
                     <field description=""
                            name="TokenHTTPStatusCode"
                            responseStatusCode="true"
                            type="string"/>
                     <field description=""
                            entireResponse="true"
                            name="TokenResponse"
                            type="string"/>
                  </output>
               </action>
               <action category=""
                       failOnError="true"
                       forSearch="false"
                       label="Get_Everest_Api_Trade_Details"
                       maxRedirects="100"
                       name="Get_Everest_Api_Trade_Details"
                       preemptiveAuth="true"
                       responseEncoding="">
                  <description/>
                  <input>
                     <parameter name="AccessToken"
                                nogen="true"
                                required="true"
                                testWith=""
                                type="string"/>
                     <parameter name="entityId_ip"
                                nogen="true"
                                required="true"
                                testWith=""
                                type="int"/>
                     <parameter name="env"
                                nogen="true"
                                required="true"
                                testWith=""
                                type="string"/>
                  </input>
                  <binding>
                     <restSimpleBinding multiUsing="semicolonSeparated"
                                        url="https://everest-{$env}.pnmac.com/api/v1/trades/correspondent/{$entityId_ip}?"
                                        verb="GET">
                        <httpHeaders>
                           <header name="Authorization">{$AccessToken}</header>
                           <header name="Content-Type">application/json</header>
                        </httpHeaders>
                     </restSimpleBinding>
                  </binding>
                  <output>
                     <field description="" name="Trade_OP" type="string">
                        <xquery>{$RESTResponse/*:payload/text()}</xquery>
                     </field>
                     <field description="" name="URL_entityId" type="string">
                        <xquery>{$entityId_ip}</xquery>
                     </field>
                     <field description=""
                            name="CommitmentDate"
                            property="CommitmentDate"
                            type="objectlist">
                        <options>
                           <option name="referenceTo">root</option>
                        </options>
                     </field>
                     <field description=""
                            name="commitmentNumber"
                            property="CommitmentNumber"
                            type="objectlist">
                        <options>
                           <option name="referenceTo">tradeInfoContract</option>
                        </options>
                     </field>
                     <field description=""
                            name="CommitmentType"
                            property="CommitmentType"
                            type="objectlist">
                        <options>
                           <option name="referenceTo">root</option>
                        </options>
                     </field>
                     <field description=""
                            name="ExpirationDate"
                            property="ExpirationDate"
                            type="objectlist">
                        <options>
                           <option name="referenceTo">root</option>
                        </options>
                     </field>
                     <field description="" name="tpoId" property="tpoId" type="objectlist">
                        <options>
                           <option name="referenceTo">tpoDetails</option>
                        </options>
                     </field>
                     <field description=""
                            name="tpoCompanyName"
                            property="tpoCompanyName"
                            type="objectlist">
                        <options>
                           <option name="referenceTo">tpoDetails</option>
                        </options>
                     </field>
                     <field description=""
                            name="maxAmount"
                            property="maxAmount"
                            type="objectlist">
                        <options>
                           <option name="referenceTo">tradeInfoContract</option>
                        </options>
                     </field>
                     <field description=""
                            name="minAmount"
                            property="minAmount"
                            type="objectlist">
                        <options>
                           <option name="referenceTo">tradeInfoContract</option>
                        </options>
                     </field>
                     <field description=""
                            name="Status"
                            property="calculatedPairOffFee"
                            type="objectlist">
                        <options>
                           <option name="referenceTo">tradeInfoContract</option>
                        </options>
                     </field>
                     <field description=""
                            name="weightedAvgBulkPrice"
                            property="weightedAvgBulkPrice"
                            type="objectlist">
                        <options>
                           <option name="referenceTo">root</option>
                        </options>
                     </field>
                     <field description="" name="Entire_op_response" type="string">
                        <xquery>{$CommitmentDate ||','||$commitmentNumber ||','||$CommitmentType||','||$ExpirationDate  ||','||$CommitmentType ||','||$ExpirationDate ||','||$tpoId ||','||$tpoCompanyName ||','||$maxAmount ||','||$minAmount ||','||$Status ||','||$weightedAvgBulkPrice||','||$Status||','||$URL_entityId}</xquery>
                     </field>
                  </output>
               </action>
            </actions>
            <objects>
               <processObject xmlns="http://schemas.active-endpoints.com/appmodules/screenflow/2011/06/avosHostEnvironment.xsd"
                              isByCopy="true"
                              name="AccessToken">
                  <description/>
                  <detail>
                     <field name="AccessToken" type="string"/>
                  </detail>
               </processObject>
               <processObject xmlns="http://schemas.active-endpoints.com/appmodules/screenflow/2011/06/avosHostEnvironment.xsd"
                              isByCopy="true"
                              name="payload">
                  <description/>
                  <detail>
                     <field name="id" type="string"/>
                  </detail>
               </processObject>
               <processObject xmlns="http://schemas.active-endpoints.com/appmodules/screenflow/2011/06/avosHostEnvironment.xsd"
                              isByCopy="true"
                              name="root">
                  <description>An automatically generated process object</description>
                  <detail>
                     <field name="commitmentType" type="string"/>
                     <field name="isWeightedAvgBulkPriceLocked" type="boolean"/>
                     <field name="commitmentDate" type="datetime"/>
                     <field name="tpoDetails" type="reference">
                        <options>
                           <option name="referenceTo">tpoDetails</option>
                           <option name="relationshipName">Child</option>
                        </options>
                     </field>
                     <field name="deliveryExpirationDate" type="datetime"/>
                     <field name="totalPairOffGainLoss" type="int"/>
                     <field name="deliveryType" type="string"/>
                     <field name="totalPairOffAmount" type="int"/>
                     <field name="coIssueInformation" type="string"/>
                     <field name="overrideTradeName" type="string"/>
                     <field name="weightedAvgBulkPrice" type="int"/>
                     <field name="filter" type="reference">
                        <options>
                           <option name="referenceTo">filter</option>
                           <option name="relationshipName">Child</option>
                        </options>
                     </field>
                     <field name="tradeInfoContract" type="reference">
                        <options>
                           <option name="referenceTo">tradeInfoContract</option>
                           <option name="relationshipName">Child</option>
                        </options>
                     </field>
                     <field name="isAutoCreated" type="boolean"/>
                     <field name="assignmentPercentage" type="int"/>
                     <field name="numberOfLoans" type="int"/>
                     <field name="aotInformation" type="reference">
                        <options>
                           <option name="referenceTo">aotInformation</option>
                           <option name="relationshipName">Child</option>
                        </options>
                     </field>
                     <field name="assignedAmount" type="int"/>
                     <field name="expirationDate" type="datetime"/>
                  </detail>
               </processObject>
               <processObject xmlns="http://schemas.active-endpoints.com/appmodules/screenflow/2011/06/avosHostEnvironment.xsd"
                              isByCopy="true"
                              name="tpoDetails">
                  <description>An automatically generated process object</description>
                  <detail>
                     <field name="tpoCompanyName" type="string"/>
                     <field name="tpoId" type="double"/>
                     <field name="externalOriginatorManagementId" type="int"/>
                  </detail>
               </processObject>
               <processObject xmlns="http://schemas.active-endpoints.com/appmodules/screenflow/2011/06/avosHostEnvironment.xsd"
                              isByCopy="true"
                              name="filter">
                  <description>An automatically generated process object</description>
                  <detail>
                     <field name="simpleTradeFilter" type="string"/>
                     <field name="filterType" type="string"/>
                  </detail>
               </processObject>
               <processObject xmlns="http://schemas.active-endpoints.com/appmodules/screenflow/2011/06/avosHostEnvironment.xsd"
                              isByCopy="true"
                              name="tradeInfoContract">
                  <description>An automatically generated process object</description>
                  <detail>
                     <field name="minAmount" type="double"/>
                     <field name="tradeAmount" type="int"/>
                     <field name="tradeIndicator" type="string"/>
                     <field name="commitmentNumber" type="int"/>
                     <field name="id" type="int"/>
                     <field name="maxAmount" type="double"/>
                     <field name="openAmount" type="int"/>
                     <field name="tolerance" type="double"/>
                     <field name="status" type="string"/>
                  </detail>
               </processObject>
               <processObject xmlns="http://schemas.active-endpoints.com/appmodules/screenflow/2011/06/avosHostEnvironment.xsd"
                              isByCopy="true"
                              name="aotInformation">
                  <description>An automatically generated process object</description>
                  <detail>
                     <field name="aotOriginalTradeDate" type="datetime"/>
                  </detail>
               </processObject>
            </objects>
         </businessConnector>
      </types1:Entry>
      <types1:GUID>5phiZCgs5QBio6ObvJozWH</types1:GUID>
      <types1:DisplayName>sc_GetTradeDtls</types1:DisplayName>
   </types1:Item>
   <types1:CurrentServerDateTime>2020-09-15T10:50:22.942Z</types1:CurrentServerDateTime>
</aetgt:getResponse>
