<aetgt:getResponse xmlns:aetgt="http://schemas.active-endpoints.com/appmodules/repository/2010/10/avrepository.xsd"
                   xmlns:types1="http://schemas.active-endpoints.com/appmodules/repository/2010/10/avrepository.xsd">
   <types1:Item>
      <types1:EntryId>kXZ5Hhwq9bdsreK-gt-9594042-2020-03-06T10:39:17.167Z::svc.xml</types1:EntryId>
      <types1:Name>sc_GetTradeDtls-pipeline</types1:Name>
      <types1:ParentFlowIds>7KwkiPiTk08jIw8-gt-1380503-2020-05-19T09:50:00.946Z::conn.xml,9Gm1ESyIRJi4tci-gt-8287684-2020-07-27T09:42:27.977Z::conn.xml,XUxQ2Tp5OjG4abc-gt-6742690-2020-03-26T12:47:43.798Z::conn.xml,yxaa-gt-4614356-2020-05-01T19:15:55.392Z::conn.xml</types1:ParentFlowIds>
      <types1:MimeType>application/xml+businesssconnector</types1:MimeType>
      <types1:Description/>
      <types1:AppliesTo/>
      <types1:Tags/>
      <types1:VersionLabel>1.0</types1:VersionLabel>
      <types1:State>CURRENT</types1:State>
      <types1:ProcessGroup/>
      <types1:CreatedBy>sravani.diguva</types1:CreatedBy>
      <types1:CreationDate>2020-03-06T10:39:17Z</types1:CreationDate>
      <types1:ModifiedBy>prabhakar.boddapati@pnmac.com.saml.dev</types1:ModifiedBy>
      <types1:ModificationDate>2020-07-27T07:57:52Z</types1:ModificationDate>
      <types1:PublicationStatus>published</types1:PublicationStatus>
      <types1:PublishedBy>prabhakar.boddapati@pnmac.com.saml.dev</types1:PublishedBy>
      <types1:PublicationDate>2020-07-27T07:57:57Z</types1:PublicationDate>
      <types1:PublishedContributionId>project:/rt.connector/sc_GetTradeDtls_pipeline/sc_GetTradeDtls_pipeline_svcDef.xml</types1:PublishedContributionId>
      <types1:AutosaveExists>false</types1:AutosaveExists>
      <types1:Entry>
         <businessConnector xmlns="http://schemas.informatica.com/socrates/data-services/2014/05/business-connector-model.xsd"
                            agentOnly="false"
                            debug="false"
                            displayName="sc_GetTradeDtls-pipeline"
                            label=""
                            name="sc_GetTradeDtls-pipeline"
                            uuid="2696d83a-c7cb-4e46-af86-7fecadf15777">
            <description/>
            <tags/>
            <connectionAttributes xmlns="http://schemas.informatica.com/appmodules/screenflow/2014/04/avosConnectors.xsd"/>
            <actions>
               <action category=""
                       failOnError="true"
                       forSearch="false"
                       label="Get_Everest_Api_Token "
                       maxRedirects="100"
                       name="Get_Everest_Api_Token "
                       preemptiveAuth="true"
                       responseEncoding="">
                  <description/>
                  <input>
                     <parameter name="pnmacKey"
                                nogen="true"
                                required="true"
                                testWith=""
                                type="string"/>
                     <parameter name="password"
                                nogen="true"
                                required="true"
                                testWith=""
                                type="string"/>
                     <parameter name="env"
                                nogen="true"
                                required="true"
                                testWith=""
                                type="string"/>
                  </input>
                  <binding>
                     <restSimpleBinding multiUsing="semicolonSeparated"
                                        url="https://everest-{$env}.pnmac.com/api/v1/cognito/oauth"
                                        verb="PUT">
                        <httpHeaders>
                           <header name="Content-Type">application/json</header>
                        </httpHeaders>
                        <body>{util:toJSON(
&lt;cognitoOauthTokenRequest&gt;
      &lt;pnmacKey&gt;{$pnmacKey  }&lt;/pnmacKey&gt;
      &lt;password&gt;{$password  }&lt;/password&gt;
   &lt;/cognitoOauthTokenRequest&gt;)}</body>
                     </restSimpleBinding>
                  </binding>
                  <output>
                     <field description=""
                            name="AccessToken"
                            property="AccessToken"
                            type="string"/>
                     <field description=""
                            name="TokenHTTPStatusCode"
                            responseStatusCode="true"
                            type="string"/>
                     <field description=""
                            entireResponse="true"
                            name="TokenResponse"
                            type="string"/>
                  </output>
               </action>
               <action category=""
                       failOnError="true"
                       forSearch="false"
                       label="Get_Everest_Api_Trade_Details_pipeline"
                       maxRedirects="100"
                       name="Get_Everest_Api_Trade_Details_pipeline"
                       preemptiveAuth="true"
                       responseEncoding="">
                  <description/>
                  <input>
                     <parameter name="AccessToken"
                                nogen="true"
                                required="true"
                                testWith=""
                                type="string"/>
                     <parameter name="entityId_ip"
                                nogen="true"
                                required="true"
                                testWith=""
                                type="int"/>
                     <parameter name="env"
                                nogen="true"
                                required="true"
                                testWith=""
                                type="string"/>
                  </input>
                  <binding>
                     <restSimpleBinding multiUsing="semicolonSeparated"
                                        url="https://everest-{$env}.pnmac.com/api/v1/trades/correspondent/{$entityId_ip}/statistics"
                                        verb="GET">
                        <httpHeaders>
                           <header name="Authorization">{$AccessToken}</header>
                           <header name="Content-Type">application/json</header>
                        </httpHeaders>
                     </restSimpleBinding>
                  </binding>
                  <output>
                     <field description="" name="Trade_OP_stats" type="string">
                        <xquery>{$RESTResponse/*:payload/text()}</xquery>
                     </field>
                     <field description="" name="URL_entityId_stats" type="string">
                        <xquery>{$entityId_ip}</xquery>
                     </field>
                     <field description=""
                            name="loanCount"
                            property="loanCount"
                            type="objectlist">
                        <options>
                           <option name="referenceTo">root</option>
                        </options>
                     </field>
                     <field description=""
                            name="percentWac"
                            property="percentWac"
                            type="objectlist">
                        <options>
                           <option name="referenceTo">root</option>
                        </options>
                     </field>
                     <field description="" name="final_op" type="string">
                        <xquery>{$loanCount||','||$percentWac||','||$URL_entityId_stats}</xquery>
                     </field>
                  </output>
               </action>
            </actions>
            <objects/>
         </businessConnector>
      </types1:Entry>
      <types1:GUID>7QKOddUw6sJhehhcEK1VYG</types1:GUID>
      <types1:DisplayName>sc_GetTradeDtls-pipeline</types1:DisplayName>
   </types1:Item>
   <types1:CurrentServerDateTime>2020-09-15T10:50:22.961Z</types1:CurrentServerDateTime>
</aetgt:getResponse>
