<aetgt:getResponse xmlns:aetgt="http://schemas.active-endpoints.com/appmodules/repository/2010/10/avrepository.xsd"
                   xmlns:types1="http://schemas.active-endpoints.com/appmodules/repository/2010/10/avrepository.xsd">
   <types1:Item>
      <types1:EntryId>0rpC18ypmaaa-gt-91529-2020-07-29T06:47:49.991Z::pd.xml</types1:EntryId>
      <types1:Name>p_email_routine-2</types1:Name>
      <types1:ParentFlowIds>074Rpf6JfOMWSwx-gt-3969006-2020-08-12T15:47:04.699Z::pd.xml,2tvTxhFdw8jIw8j-gt-2267895-2020-07-31T06:12:09.862Z::pd.xml,5BfWWCSHbf13Erh-gt-30398-2020-07-29T05:51:32.913Z::pd.xml,7FNBeNTYglxbdyp-gt-42149455-2020-09-15T09:47:32.951Z::pd.xml,7iUQbgdwUiQLnzY-gt-2267872-2020-07-31T06:12:08.944Z::pd.xml,7MDOp7jvppppppp-gt-14987269-2020-08-19T07:12:19.936Z::pd.xml,aaa-gt-1823440-2020-08-03T11:04:37.004Z::pd.xml,abckPaaaaaaaaa-gt-37369404-2020-09-10T11:42:16.01Z::pd.xml,abclvAhrswVYx8R-gt-4389017-2020-08-03T11:04:32.014Z::pd.xml,DFGsciQlBWlD2pH-gt-11746677-2020-09-07T07:59:01.474Z::pd.xml,DsZvEIAkRtO3M4W-gt-2600747-2020-07-09T09:27:11.472Z::pd.xml,E6N8jIw8jIw8jIw-gt-42020038-2020-09-15T04:27:34.499Z::pd.xml,Ei4tciSrZMSPfXB-gt-40906799-2020-09-14T07:31:38.491Z::pd.xml,eMvDINciZBpDUQb-gt-57253468-2020-09-09T05:00:30.787Z::pd.xml,fZ3r0x7bcoq3xgj-gt-2247129-2020-07-31T06:12:15.091Z::pd.xml,Fz7M1reAFLK2D86-gt-37848289-2020-09-11T07:10:26.504Z::pd.xml,g8vHWOMzeHbcjqb-gt-2577466-2020-07-16T23:35:32.098Z::pd.xml,g9T6kck8jKBmeK3-gt-54327341-2020-09-07T08:00:00.984Z::pd.xml,GKrclvAhrswVYx8-gt-2597001-2020-07-16T23:35:39.525Z::pd.xml,Haaaaaa-gt-5902298-2020-08-25T11:06:59.538Z::pd.xml,HGVtsDaaabdvhxi-gt-2596909-2020-07-16T23:35:27.543Z::pd.xml,hHjIw8jIw8jIw8j-gt-10888483-2020-07-27T05:18:12.124Z::pd.xml,HrWLU6S6fPAreFR-gt-998899-2020-07-31T06:12:14.541Z::pd.xml,hu1tgq695kchzt1-gt-14861887-2020-09-14T06:33:58.115Z::pd.xml,huaa-gt-12838238-2020-09-09T13:44:18.115Z::pd.xml,IDwXtqdsQR6kbeJ-gt-5634213-2020-08-24T11:18:31.561Z::pd.xml,iVGkSSHCwkNmumf-gt-2266520-2020-07-31T06:12:10.133Z::pd.xml,JtlI20hELlBWlD2-gt-2140709-2020-08-12T05:58:18.568Z::pd.xml,keB9aaa-gt-38300564-2020-09-11T07:10:00.175Z::pd.xml,KJy5TRgpDqotxGo-gt-3772893-2020-08-18T19:41:37.596Z::pd.xml,KKWTzIf6riX2FNB-gt-1205405-2020-07-30T06:56:34.596Z::pd.xml,Kn7wporzYLnzYLn-gt-14003441-2020-09-11T18:50:55.8Z::pd.xml,Kymbduaa-gt-5628074-2020-08-24T11:00:44.595Z::pd.xml,L4JfOMWSwxF1T4W-gt-2266572-2020-07-31T06:12:13.599Z::pd.xml,LiUFpr1Iw8jIw8j-gt-1014863-2020-07-31T06:12:09.601Z::pd.xml,N1wKqxKf3eFhBJQ-gt-9302772-2020-08-19T07:11:59.639Z::pd.xml,NLnQciSrZMSPfXB-gt-2597013-2020-07-16T23:35:39.629Z::pd.xml,oqhPVEQrXhNUdyO-gt-11746663-2020-09-07T07:59:01.229Z::pd.xml,Pgdtu2SHCwkNmum-gt-14987231-2020-08-19T07:12:05.664Z::pd.xml,ppaa-gt-13196287-2020-09-10T06:08:52.499Z::pd.xml,QylDn8dzWztZK0C-gt-2267952-2020-07-31T06:12:15.681Z::pd.xml,RsPFn2H0Fdw8jIw-gt-36812632-2020-09-10T08:18:14.702Z::pd.xml,RtFgpKi9zhFtybd-gt-37330324-2020-09-10T10:28:10.702Z::pd.xml,slEt5OjiTIKchzt-gt-9455463-2020-08-19T07:12:04.303Z::pd.xml,SPvSzYLnzYLnzYL-gt-1247628-2020-07-30T08:03:47.118Z::pd.xml,SWYzr3tfUbbf5ZK-gt-3760546-2020-08-19T07:08:17.126Z::pd.xml,Tm8lnCmp6oIuQaa-gt-30260766-2020-09-03T04:28:22.736Z::pd.xml,tyHfSTu0kMVX3cj-gt-33766618-2020-09-07T07:54:27.306Z::pd.xml,uf5kck8jKBmeK3j-gt-5620376-2020-08-24T10:31:03.733Z::pd.xml,upIO3M4WwOC2XZP-gt-36875719-2020-09-10T07:53:03.35Z::pd.xml,vNtLSVMTonQYWeI-gt-1014847-2020-07-31T06:12:09.341Z::pd.xml,VphCO9Gm1ESyIRJ-gt-2297097-2020-08-12T10:02:33.763Z::pd.xml,Wq9bdsreK8ZAZf5-gt-2245990-2020-08-12T08:35:17.76Z::pd.xml,wVYx8R8WrY1Sypm-gt-1852428-2020-08-03T11:04:37.357Z::pd.xml,XFtclq1iUsRvsGR-gt-10891923-2020-07-27T05:28:03.803Z::pd.xml,xGomUhGdwOLIFvu-gt-6779749-2020-08-05T11:12:04.638Z::pd.xml,XVXDyvs7xvk0qZF-gt-13240588-2020-09-10T08:57:10.798Z::pd.xml,y07duD2L5SeE1Ko-gt-2267940-2020-07-31T06:12:15.387Z::pd.xml,yabdvhxiQLnzYLn-gt-1268653-2020-08-11T12:55:52.387Z::pd.xml,YCHck5qbbfUryzf-gt-1014971-2020-07-31T06:12:14.809Z::pd.xml,YjhBjop81V4Adyp-gt-41391622-2020-09-14T09:37:38.813Z::pd.xml,Z6lS01BchMYeOm6-gt-2725884-2020-08-05T11:21:10.836Z::pd.xml,ZeG6S3wOLIFvukN-gt-13289793-2020-09-10T11:14:55.831Z::pd.xml,zphCO9Gm1ESyIRJ-gt-8867265-2020-08-18T17:36:33.415Z::pd.xml</types1:ParentFlowIds>
      <types1:MimeType>application/xml+process</types1:MimeType>
      <types1:Description>A generic process which can be used to send success/failure email notifications</types1:Description>
      <types1:AppliesTo/>
      <types1:Tags>.anonymous</types1:Tags>
      <types1:VersionLabel>1.0</types1:VersionLabel>
      <types1:State>CURRENT</types1:State>
      <types1:ProcessGroup/>
      <types1:CreatedBy>harikrishna.perli@pnmac.com.saml.dev</types1:CreatedBy>
      <types1:CreationDate>2020-07-29T06:47:50Z</types1:CreationDate>
      <types1:ModifiedBy>prabhakar.boddapati@pnmac.com.saml.dev</types1:ModifiedBy>
      <types1:ModificationDate>2020-08-28T17:25:54Z</types1:ModificationDate>
      <types1:PublicationStatus>published</types1:PublicationStatus>
      <types1:PublishedBy>sudheesh.perumbil@pnmac.com.saml.dev</types1:PublishedBy>
      <types1:PublicationDate>2020-09-15T09:56:21Z</types1:PublicationDate>
      <types1:PublishedContributionId>project:/spi.p_email_routine-2/p_email_routine-2.pd.xml</types1:PublishedContributionId>
      <types1:AutosaveExists>false</types1:AutosaveExists>
      <types1:Entry>
         <process xmlns="http://schemas.active-endpoints.com/appmodules/screenflow/2010/10/avosScreenflow.xsd"
                  xmlns:list="urn:activevos:spi:list:functions"
                  displayName="p_email_routine"
                  name="p_email_routine-2"
                  overrideAPIName="false">
            <appliesTo/>
            <description>A generic process which can be used to send success/failure email notifications</description>
            <tags>.anonymous</tags>
            <generator>Informatica Process Designer 11</generator>
            <input>
               <parameter description=""
                          name="in_ProcessName"
                          required="true"
                          type="string">
                  <options>
                     <option name="required">false</option>
                  </options>
               </parameter>
               <parameter description=""
                          name="in_ProcessId"
                          required="true"
                          type="string">
                  <options>
                     <option name="required">false</option>
                  </options>
               </parameter>
               <parameter description="" name="in_StepName" required="true" type="string">
                  <options>
                     <option name="required">false</option>
                  </options>
               </parameter>
               <parameter description=""
                          name="in_FaultCode"
                          required="true"
                          type="string">
                  <options>
                     <option name="required">false</option>
                  </options>
               </parameter>
               <parameter description=""
                          name="in_FaultReason"
                          required="true"
                          type="string">
                  <options>
                     <option name="required">false</option>
                  </options>
               </parameter>
               <parameter description="" name="in_Detail" required="true" type="string">
                  <options>
                     <option name="required">false</option>
                  </options>
               </parameter>
               <parameter description="" name="in_env" required="true" type="string">
                  <options>
                     <option name="required">false</option>
                  </options>
               </parameter>
            </input>
            <tempFields>
               <field description="" name="tmp_email" type="reference">
                  <options>
                     <option name="referenceTo">ac-email-notification-1:EmailTaskInput</option>
                     <option name="required">false</option>
                     <option name="isCopy">true</option>
                     <option name="guid">9gC5XCXppMbg2vAmimpFwc</option>
                  </options>
               </field>
               <field description="" name="tmp_recepientAddresses" type="string">
                  <options>
                     <option name="required">false</option>
                  </options>
               </field>
               <field description="" name="tmp_fileData" type="string">
                  <options>
                     <option name="required">false</option>
                  </options>
               </field>
               <field description="" name="tmp_env" type="string">
                  <options>
                     <option name="required">false</option>
                  </options>
               </field>
               <field description="" name="test" type="string">
                  <options>
                     <option name="required">false</option>
                  </options>
               </field>
            </tempFields>
            <notes/>
            <deployment suspendOnFault="false" tracingLevel="verbose">
               <rest>
                  <allowAnonymousAccess/>
               </rest>
            </deployment>
            <flow id="a">
               <start id="b">
                  <link id="kdrfe2qi" targetId="kdrfe2qh"/>
               </start>
               <assignment id="kdrfe2qh">
                  <title>Assign Email Content</title>
                  <operation source="formula" to="temp.tmp_env">
                     <expression language="XQuery">if(util:getOrganizationId()='f1Lt3JengEPi7JFvkUE6wS' )
		then 'DEV'
		else 
if(util:getOrganizationId()='4xbWvXLldSAgMqO0Fsraom' )
		then 'QA'
        else 
if(util:getOrganizationId()='1QOCfycFnzkjohB6bZm0A5' )
        then 'STG'
        else 
if(util:getOrganizationId()='50Bb88c3ZdIcHGRXC1KHos' )
        then 'PROD'
		else
 if(util:getOrganizationId()='7RJPkQEyC8EkxieIsUsNy0'  )
		then 'DEV2'
		else 
if(util:getOrganizationId()='4GOWoj0CrmxbqjkHwxCsgC'  )
		then 'QA2'
        else 
if(util:getOrganizationId()='35bQG8QGr0KiUXL0SQfmkB'  )
        then 'STG2'
        else ''</expression>
                  </operation>
                  <link id="keehqvyq" targetId="keehqvyp"/>
               </assignment>
               <subflow id="keehqvyp">
                  <title>sp_email</title>
                  <subflowGUID>g8XfFQ3CXazk0jwhgVBrON</subflowGUID>
                  <subflowPath>sp_email</subflowPath>
                  <runForEach>false</runForEach>
                  <input>
                     <parameter name="in_env" source="field" updatable="true">temp.tmp_env</parameter>
                     <parameter name="in_ProcessName" source="field" updatable="true">input.in_ProcessName</parameter>
                     <parameter name="in_processId" source="field" updatable="true">input.in_ProcessId</parameter>
                     <parameter name="in_stepname" source="field" updatable="true">input.in_StepName</parameter>
                     <parameter name="in_faultcode" source="field" updatable="true">input.in_FaultCode</parameter>
                     <parameter name="in_faultreason" source="field" updatable="true">input.in_FaultReason</parameter>
                     <parameter name="in_faultdetail" source="field" updatable="true">input.in_Detail</parameter>
                  </input>
                  <outputDef/>
                  <link id="keehqvyr" targetId="c"/>
               </subflow>
               <end id="c"/>
            </flow>
         </process>
         <ns1:sample-data-sets xmlns:ns1="http://schemas.active-endpoints.com/appmodules/repository/2010/10/sampleData.xsd">
            <ns1:SampleData>
               <ns1:Id>dbf3bc9e-5a73-4930-a099-743947c25c86</ns1:Id>
               <ns1:Name>Test</ns1:Name>
               <ns1:CreatedBy>harikrishna.perli@pnmac.com.saml.dev</ns1:CreatedBy>
               <ns1:CreationDate>2020-07-29T06:47:50Z</ns1:CreationDate>
               <ns1:ModifiedBy>prabhakar.boddapati@pnmac.com.saml.dev</ns1:ModifiedBy>
               <ns1:ModifiedDate>2020-08-19T15:36:44Z</ns1:ModifiedDate>
               <ns1:Data format="json">{
	 "in_ProcessName": "Check",
	 "in_ProcessId": "check",
	 "in_StepName": "check",
	 "in_FaultCode": "check",
	 "in_FaultReason": "check",
	 "in_Detail": "check",
	 "in_env": "dev"
}</ns1:Data>
            </ns1:SampleData>
         </ns1:sample-data-sets>
      </types1:Entry>
      <types1:GUID>giwQOa6qSEwctHA4oyFz21</types1:GUID>
      <types1:DisplayName>p_email_routine</types1:DisplayName>
   </types1:Item>
   <types1:CurrentServerDateTime>2020-09-15T10:50:23.756Z</types1:CurrentServerDateTime>
</aetgt:getResponse>
