<aetgt:getResponse xmlns:aetgt="http://schemas.active-endpoints.com/appmodules/repository/2010/10/avrepository.xsd"
                   xmlns:types1="http://schemas.active-endpoints.com/appmodules/repository/2010/10/avrepository.xsd">
   <types1:Item>
      <types1:EntryId>CJduDpppppppppp-gt-25698584-2020-08-24T08:57:48.453Z::pd.xml</types1:EntryId>
      <types1:Name>p_Trigger_DI_Taskflow</types1:Name>
      <types1:ParentFlowIds>5BfWWCSHbf13Erh-gt-30398-2020-07-29T05:51:32.913Z::pd.xml,7FNBeNTYglxbdyp-gt-42149455-2020-09-15T09:47:32.951Z::pd.xml,abckPaaaaaaaaa-gt-37369404-2020-09-10T11:42:16.01Z::pd.xml,DFGsciQlBWlD2pH-gt-11746677-2020-09-07T07:59:01.474Z::pd.xml,E6N8jIw8jIw8jIw-gt-42020038-2020-09-15T04:27:34.499Z::pd.xml,Ei4tciSrZMSPfXB-gt-40906799-2020-09-14T07:31:38.491Z::pd.xml,Fz7M1reAFLK2D86-gt-37848289-2020-09-11T07:10:26.504Z::pd.xml,g9T6kck8jKBmeK3-gt-54327341-2020-09-07T08:00:00.984Z::pd.xml,hu1tgq695kchzt1-gt-14861887-2020-09-14T06:33:58.115Z::pd.xml,keB9aaa-gt-38300564-2020-09-11T07:10:00.175Z::pd.xml,KKWTzIf6riX2FNB-gt-1205405-2020-07-30T06:56:34.596Z::pd.xml,oqhPVEQrXhNUdyO-gt-11746663-2020-09-07T07:59:01.229Z::pd.xml,ppaa-gt-13196287-2020-09-10T06:08:52.499Z::pd.xml,QylDn8dzWztZK0C-gt-2267952-2020-07-31T06:12:15.681Z::pd.xml,RsPFn2H0Fdw8jIw-gt-36812632-2020-09-10T08:18:14.702Z::pd.xml,RtFgpKi9zhFtybd-gt-37330324-2020-09-10T10:28:10.702Z::pd.xml,SPvSzYLnzYLnzYL-gt-1247628-2020-07-30T08:03:47.118Z::pd.xml,Tm8lnCmp6oIuQaa-gt-30260766-2020-09-03T04:28:22.736Z::pd.xml,tyHfSTu0kMVX3cj-gt-33766618-2020-09-07T07:54:27.306Z::pd.xml,upIO3M4WwOC2XZP-gt-36875719-2020-09-10T07:53:03.35Z::pd.xml,VEQrXhNUdyOoMdt-gt-33841066-2020-09-07T07:25:07.58Z::pd.xml,XVXDyvs7xvk0qZF-gt-13240588-2020-09-10T08:57:10.798Z::pd.xml,YjhBjop81V4Adyp-gt-41391622-2020-09-14T09:37:38.813Z::pd.xml,ZeG6S3wOLIFvukN-gt-13289793-2020-09-10T11:14:55.831Z::pd.xml</types1:ParentFlowIds>
      <types1:MimeType>application/xml+process</types1:MimeType>
      <types1:Description/>
      <types1:AppliesTo/>
      <types1:Tags>.agent:iics-sa-dw-windows-group,.anonymous</types1:Tags>
      <types1:VersionLabel>1.0</types1:VersionLabel>
      <types1:State>CURRENT</types1:State>
      <types1:ProcessGroup/>
      <types1:CreatedBy>prabhakar.boddapati@pnmac.com.saml.dev</types1:CreatedBy>
      <types1:CreationDate>2020-08-24T08:57:48Z</types1:CreationDate>
      <types1:ModifiedBy>harikrishna.perli@pnmac.com.saml.dev</types1:ModifiedBy>
      <types1:ModificationDate>2020-09-10T10:06:24Z</types1:ModificationDate>
      <types1:PublicationStatus>published</types1:PublicationStatus>
      <types1:PublishedBy>sudheesh.perumbil@pnmac.com.saml.dev</types1:PublishedBy>
      <types1:PublicationDate>2020-09-15T09:56:21Z</types1:PublicationDate>
      <types1:PublishedContributionId>project:/spi.p_Trigger_DI_Taskflow/p_Trigger_DI_Taskflow.pd.xml</types1:PublishedContributionId>
      <types1:AutosaveExists>false</types1:AutosaveExists>
      <types1:Entry>
         <process xmlns="http://schemas.active-endpoints.com/appmodules/screenflow/2010/10/avosScreenflow.xsd"
                  xmlns:list="urn:activevos:spi:list:functions"
                  displayName="p_Trigger_DI_Taskflow"
                  name="p_Trigger_DI_Taskflow"
                  overrideAPIName="true">
            <appliesTo/>
            <description/>
            <tags>.agent:iics-sa-dw-windows-group,.anonymous</tags>
            <generator>Informatica Process Designer 11</generator>
            <input>
               <parameter description="" name="in_API_Name" required="true" type="string">
                  <options>
                     <option name="required">false</option>
                  </options>
               </parameter>
            </input>
            <output>
               <field description="" name="out_responseCode" type="string">
                  <options>
                     <option name="required">false</option>
                  </options>
               </field>
               <field description="" name="out_responseString" type="string">
                  <options>
                     <option name="required">false</option>
                  </options>
               </field>
               <field description="" name="out_errorString" type="string">
                  <options>
                     <option name="required">false</option>
                  </options>
               </field>
            </output>
            <tempFields>
               <field description="" name="processTitle" type="string">
                  <options>
                     <option name="required">false</option>
                  </options>
               </field>
            </tempFields>
            <notes/>
            <deployment suspendOnFault="false" tracingLevel="verbose">
               <targetLocation>iics-sa-dw-windows-group</targetLocation>
               <rest>
                  <allowAnonymousAccess/>
               </rest>
            </deployment>
            <flow id="a">
               <start id="b">
                  <link id="ke8a7xz2" targetId="ke8a7xz1"/>
               </start>
               <service id="ke8a7xz1">
                  <title>Run DI Trigger Script</title>
                  <serviceName>avShellService</serviceName>
                  <serviceGUID/>
                  <serviceInput>
                     <parameter name="command" source="formula">
                        <expression language="XQuery">'Trigger_DI_Taskflows.bat   ' ||  $input.in_API_Name  </expression>
                     </parameter>
                     <parameter name="workingDirPath" source="constant">C:\Users\informatica\lmp_support\INFA_API_Shared\API_DI_TASKFLOWS\Scripts</parameter>
                  </serviceInput>
                  <link id="kemgn72h" targetId="kemgn72g"/>
               </service>
               <assignment id="kemgn72g">
                  <title>Assign output fields</title>
                  <operation source="formula" to="temp.processTitle">
                     <expression language="XQuery">ipd:setProcessTitle($input.in_API_Name|| '  DI_Taskflow Triggered')</expression>
                  </operation>
                  <operation source="field" to="output.out_errorString">output.errorString</operation>
                  <operation source="field" to="output.out_responseCode">output.responseCode</operation>
                  <operation source="field" to="output.out_responseString">output.outputString</operation>
                  <link id="kemgn72i" targetId="c"/>
               </assignment>
               <end id="c"/>
            </flow>
         </process>
         <ns1:sample-data-sets xmlns:ns1="http://schemas.active-endpoints.com/appmodules/repository/2010/10/sampleData.xsd">
            <ns1:SampleData>
               <ns1:Id>d574b66d-8906-4020-87f2-68b004af39d2</ns1:Id>
               <ns1:Name>Test</ns1:Name>
               <ns1:CreatedBy>prabhakar.boddapati@pnmac.com.saml.dev</ns1:CreatedBy>
               <ns1:CreationDate>2020-08-24T09:02:26Z</ns1:CreationDate>
               <ns1:ModifiedBy>prabhakar.boddapati@pnmac.com.saml.dev</ns1:ModifiedBy>
               <ns1:ModifiedDate>2020-09-10T06:17:53Z</ns1:ModifiedDate>
               <ns1:Data format="json">{
"in_API_Name":"LockDetails"
}</ns1:Data>
            </ns1:SampleData>
         </ns1:sample-data-sets>
      </types1:Entry>
      <types1:GUID>ls1OtCYz9SzhPDrJShF96x</types1:GUID>
      <types1:DisplayName>p_Trigger_DI_Taskflow</types1:DisplayName>
   </types1:Item>
   <types1:CurrentServerDateTime>2020-09-15T10:50:22.902Z</types1:CurrentServerDateTime>
</aetgt:getResponse>
