<aetgt:getResponse xmlns:aetgt="http://schemas.active-endpoints.com/appmodules/repository/2010/10/avrepository.xsd"
                   xmlns:types1="http://schemas.active-endpoints.com/appmodules/repository/2010/10/avrepository.xsd">
   <types1:Item>
      <types1:EntryId>7FNBeNTYglxbdyp-gt-12661562-2020-09-09T05:48:52.951Z::po.xml</types1:EntryId>
      <types1:Name>PO-Response</types1:Name>
      <types1:ParentFlowIds>5BfWWCSHbf13Erh-gt-30398-2020-07-29T05:51:32.913Z::pd.xml,7iUQbgdwUiQLnzY-gt-2267872-2020-07-31T06:12:08.944Z::pd.xml,DsZvEIAkRtO3M4W-gt-2600747-2020-07-09T09:27:11.472Z::pd.xml,eMvDINciZBpDUQb-gt-57253468-2020-09-09T05:00:30.787Z::pd.xml,fZ3r0x7bcoq3xgj-gt-2247129-2020-07-31T06:12:15.091Z::pd.xml,GKrclvAhrswVYx8-gt-2597001-2020-07-16T23:35:39.525Z::pd.xml,HrWLU6S6fPAreFR-gt-998899-2020-07-31T06:12:14.541Z::pd.xml,huaa-gt-12838238-2020-09-09T13:44:18.115Z::pd.xml,IDwXtqdsQR6kbeJ-gt-5634213-2020-08-24T11:18:31.561Z::pd.xml,iVGkSSHCwkNmumf-gt-2266520-2020-07-31T06:12:10.133Z::pd.xml,KKWTzIf6riX2FNB-gt-1205405-2020-07-30T06:56:34.596Z::pd.xml,Kymbduaa-gt-5628074-2020-08-24T11:00:44.595Z::pd.xml,L4JfOMWSwxF1T4W-gt-2266572-2020-07-31T06:12:13.599Z::pd.xml,LiUFpr1Iw8jIw8j-gt-1014863-2020-07-31T06:12:09.601Z::pd.xml,QylDn8dzWztZK0C-gt-2267952-2020-07-31T06:12:15.681Z::pd.xml,SPvSzYLnzYLnzYL-gt-1247628-2020-07-30T08:03:47.118Z::pd.xml,vNtLSVMTonQYWeI-gt-1014847-2020-07-31T06:12:09.341Z::pd.xml,y07duD2L5SeE1Ko-gt-2267940-2020-07-31T06:12:15.387Z::pd.xml,YCHck5qbbfUryzf-gt-1014971-2020-07-31T06:12:14.809Z::pd.xml</types1:ParentFlowIds>
      <types1:MimeType>application/xml+processobject</types1:MimeType>
      <types1:Description/>
      <types1:AppliesTo/>
      <types1:Tags/>
      <types1:VersionLabel>1.0</types1:VersionLabel>
      <types1:State>CURRENT</types1:State>
      <types1:ProcessGroup/>
      <types1:CreatedBy>prabhakar.boddapati@pnmac.com.saml.dev</types1:CreatedBy>
      <types1:CreationDate>2020-09-09T05:48:53Z</types1:CreationDate>
      <types1:ModifiedBy>prabhakar.boddapati@pnmac.com.saml.dev</types1:ModifiedBy>
      <types1:ModificationDate>2020-09-14T06:17:07Z</types1:ModificationDate>
      <types1:PublicationStatus>unpublished</types1:PublicationStatus>
      <types1:AutosaveExists>false</types1:AutosaveExists>
      <types1:Entry>
         <processObject xmlns="http://schemas.active-endpoints.com/appmodules/screenflow/2011/06/avosHostEnvironment.xsd"
                        displayName="PO-Response"
                        isByCopy="true"
                        name="PO-Response">
            <description/>
            <tags/>
            <detail>
               <field label="isSuccess" name="isSuccess" type="string"/>
               <field label="code" name="code" type="string"/>
               <field label="message" name="message" type="string"/>
            </detail>
         </processObject>
      </types1:Entry>
      <types1:GUID>12ObL0nqEyBbpPal45z2O8</types1:GUID>
      <types1:DisplayName>PO-Response</types1:DisplayName>
   </types1:Item>
   <types1:CurrentServerDateTime>2020-09-15T10:50:22.993Z</types1:CurrentServerDateTime>
</aetgt:getResponse>
