<aetgt:getResponse xmlns:aetgt="http://schemas.active-endpoints.com/appmodules/repository/2010/10/avrepository.xsd"
                   xmlns:types1="http://schemas.active-endpoints.com/appmodules/repository/2010/10/avrepository.xsd">
   <types1:Item>
      <types1:EntryId>17k4AdypKwKBqRi-gt-35251000-2020-08-28T17:21:28.848Z::pd.xml</types1:EntryId>
      <types1:Name>sp_email</types1:Name>
      <types1:ParentFlowIds>0rpC18ypmaaa-gt-91529-2020-07-29T06:47:49.991Z::pd.xml</types1:ParentFlowIds>
      <types1:MimeType>application/xml+process</types1:MimeType>
      <types1:Description/>
      <types1:AppliesTo/>
      <types1:Tags>.agent:iics-sa-dw-windows-group,.anonymous</types1:Tags>
      <types1:VersionLabel>1.0</types1:VersionLabel>
      <types1:State>CURRENT</types1:State>
      <types1:ProcessGroup/>
      <types1:CreatedBy>prabhakar.boddapati@pnmac.com.saml.dev</types1:CreatedBy>
      <types1:CreationDate>2020-08-28T17:21:29Z</types1:CreationDate>
      <types1:ModifiedBy>prabhakar.boddapati@pnmac.com.saml.dev</types1:ModifiedBy>
      <types1:ModificationDate>2020-08-28T17:39:00Z</types1:ModificationDate>
      <types1:PublicationStatus>published</types1:PublicationStatus>
      <types1:PublishedBy>sudheesh.perumbil@pnmac.com.saml.dev</types1:PublishedBy>
      <types1:PublicationDate>2020-09-15T09:56:21Z</types1:PublicationDate>
      <types1:PublishedContributionId>project:/spi.sp_email/sp_email.pd.xml</types1:PublishedContributionId>
      <types1:AutosaveExists>false</types1:AutosaveExists>
      <types1:Entry>
         <process xmlns="http://schemas.active-endpoints.com/appmodules/screenflow/2010/10/avosScreenflow.xsd"
                  xmlns:list="urn:activevos:spi:list:functions"
                  displayName="sp_email"
                  name="sp_email"
                  overrideAPIName="false">
            <appliesTo/>
            <description/>
            <tags>.agent:iics-sa-dw-windows-group,.anonymous</tags>
            <generator>Informatica Process Designer 11</generator>
            <input>
               <parameter description="" name="in_env" required="true" type="string">
                  <options>
                     <option name="required">false</option>
                  </options>
               </parameter>
               <parameter description=""
                          name="in_ProcessName"
                          required="true"
                          type="string">
                  <options>
                     <option name="required">false</option>
                  </options>
               </parameter>
               <parameter description=""
                          name="in_processId"
                          required="true"
                          type="string">
                  <options>
                     <option name="required">false</option>
                  </options>
               </parameter>
               <parameter description="" name="in_stepname" required="true" type="string">
                  <options>
                     <option name="required">false</option>
                  </options>
               </parameter>
               <parameter description=""
                          name="in_faultcode"
                          required="true"
                          type="string">
                  <options>
                     <option name="required">false</option>
                  </options>
               </parameter>
               <parameter description=""
                          name="in_faultreason"
                          required="true"
                          type="string">
                  <options>
                     <option name="required">false</option>
                  </options>
               </parameter>
               <parameter description=""
                          name="in_faultdetail"
                          required="true"
                          type="string">
                  <options>
                     <option name="required">false</option>
                  </options>
               </parameter>
            </input>
            <tempFields>
               <field description="" name="tmp_email" type="reference">
                  <options>
                     <option name="referenceTo">ac-email-notification-1:EmailTaskInput</option>
                     <option name="required">false</option>
                     <option name="isCopy">true</option>
                     <option name="guid">9gC5XCXppMbg2vAmimpFwc</option>
                  </options>
               </field>
               <field description="" name="tmp_fileData" type="string">
                  <options>
                     <option name="required">false</option>
                  </options>
               </field>
               <field description="" name="tmp_recepientAddresses" type="string">
                  <options>
                     <option name="required">false</option>
                  </options>
               </field>
            </tempFields>
            <notes/>
            <deployment suspendOnFault="false" tracingLevel="verbose">
               <targetLocation>iics-sa-dw-windows-group</targetLocation>
               <rest>
                  <allowAnonymousAccess/>
               </rest>
            </deployment>
            <flow id="a">
               <start id="b">
                  <link id="keehv3zh" targetId="keehv3zg"/>
               </start>
               <assignment id="keehv3zg">
                  <title>Assign Email Content</title>
                  <operation source="formula" to="temp.tmp_fileData">
                     <expression language="XQuery">unparsed-text('file:///C://Users//informatica//lmp_support//INFA_API_Shared//Global_Config//paramfile.txt')</expression>
                  </operation>
                  <operation source="formula" to="temp.tmp_recepientAddresses">
                     <expression language="XQuery">let $x := unparsed-text('file:///C://Users//informatica//lmp_support//INFA_API_Shared//Global_Config//paramfile.txt')

let $env_final :=  fn:lower-case($input.in_env )

let $mails:=
for $i in 3 to 5 
return tokenize( substring-after($x,'##EmailConfig##') ,'&amp;#xD;')[$i]
let $final_rec :=
if ($env_final = 'dev') then substring-before(substring-after($x,'$$email_param_dev='),'$$')
else 
if ($env_final = 'qa') then substring-before(substring-after($x,'$$email_param_qa='),'$$')
else 
if ($env_final = 'stg') then
substring-before(substring-after($x,'$$email_param_stg='),'$$')
else 
if ($env_final = 'prod') then
substring-before(substring-after($x,'$$email_param_prod='),'$$')
else 
if ($env_final = 'dev2') then substring-before(substring-after($x,'$$email_param_dev2='),'$$')
else 
if ($env_final = 'qa2') then substring-before(substring-after($x,'$$email_param_qa2='),'$$')
else 
if ($env_final = 'stg2') then substring-before(substring-after($x,'$$email_param_stg2='),'$$')

else 
substring-before(substring-after($x,'$$email_param_dev='),'$$')

return (normalize-space(replace($final_rec,'&amp;#xD;','')))


</expression>
                  </operation>
                  <operation source="field" to="temp.tmp_email[1]/to">temp.tmp_recepientAddresses</operation>
                  <operation source="formula" to="temp.tmp_email[1]/subject">
                     <expression language="XQuery">let $env :=
fn:upper-case($input.in_env)
return 
$env||' : '||$input.in_ProcessName ||' Process Failed at   '|| $input.in_stepname ||'  Action Step (PID- '||$input.in_processId ||')'

</expression>
                  </operation>
                  <operation source="formula" to="temp.tmp_email[1]/body">
                     <expression language="XQuery">$input.in_stepname|| ' Action failed for  '||$input.in_ProcessName||', please check the following details'||
'&lt;br&gt;&lt;b&gt;Code : &lt;/b&gt;'||$input.in_faultcode  ||'&lt;br&gt;&lt;b&gt;Reason : &lt;/b&gt;'|| $input.in_faultreason ||
'&lt;br&gt;&lt;b&gt; Detail: &lt;/b&gt;'||$input.in_faultdetail

</expression>
                  </operation>
                  <operation source="constant" to="temp.tmp_email[1]/contentType">text/html</operation>
                  <link id="keehv3zw" targetId="keehv3zv"/>
               </assignment>
               <service id="keehv3zv">
                  <title>sendEmailService</title>
                  <serviceName>ac-email-notification-1:sendEmailService</serviceName>
                  <serviceGUID>9gC5XCXppMbg2vAmimpFwc</serviceGUID>
                  <serviceInput>
                     <parameter name="emailTaskInput" source="field" updatable="true">temp.tmp_email</parameter>
                  </serviceInput>
                  <link id="keehv3zx" targetId="c"/>
               </service>
               <end id="c"/>
            </flow>
         </process>
      </types1:Entry>
      <types1:GUID>g8XfFQ3CXazk0jwhgVBrON</types1:GUID>
      <types1:DisplayName>sp_email</types1:DisplayName>
   </types1:Item>
   <types1:CurrentServerDateTime>2020-09-15T10:50:23.233Z</types1:CurrentServerDateTime>
</aetgt:getResponse>
