<process xmlns="http://schemas.active-endpoints.com/appmodules/screenflow/2010/10/avosScreenflow.xsd" xmlns:types1="http://schemas.active-endpoints.com/appmodules/repository/2010/10/avrepository.xsd" xmlns:aetgt="http://schemas.active-endpoints.com/appmodules/repository/2010/10/avrepository.xsd" xmlns:list="urn:activevos:spi:list:functions" name="MyDateTimeTestProcess"><appliesTo/><description/><tags>.anonymous</tags><generator>Informatica Process Designer 8</generator><tempFields><field name="DateTimeUTC" type="datetime"><options><option name="thirtyMinutesIncrement">true</option><option name="required">false</option></options></field><field name="DateTimePST" type="string"><options><option name="required">false</option></options></field></tempFields><notes/><deployment suspendOnFault="false" tracingLevel="verbose"><rest><allowAnonymousAccess/></rest></deployment><flow id="a"><start id="b"><link id="ixfoatuc" targetId="c"/></start><assignment id="c"><title>Get Current UTC Time</title><operation source="formula" to="temp.DateTimeUTC"><expression language="XQuery">fn:current-dateTime()</expression></operation><link id="ixfoatu9" targetId="ixfoatu8"/></assignment><assignment id="ixfoatu8"><title>Get Current PST Time</title><operation source="formula" to="temp.DateTimePST"><expression language="XQuery">infa:format($temp.DateTimeUTC,"MM/dd/yyyy h:mm aa", "America/Los_Angeles", 'us')</expression></operation><link id="ixfoatua" targetId="d"/></assignment><end id="d"/></flow></process>