<aetgt:getResponse xmlns:aetgt="http://schemas.active-endpoints.com/appmodules/repository/2010/10/avrepository.xsd"
                   xmlns:types1="http://schemas.active-endpoints.com/appmodules/repository/2010/10/avrepository.xsd">
   <types1:Item>
      <types1:EntryId>qcjk91pqrzYLnzY-gt-41599-2018-11-14T11:39:27.265Z::pd.xml</types1:EntryId>
      <types1:Name>AutoExecSQL</types1:Name>
      <types1:MimeType>application/xml+process</types1:MimeType>
      <types1:Description/>
      <types1:AppliesTo/>
      <types1:Tags>.anonymous</types1:Tags>
      <types1:VersionLabel>1.0</types1:VersionLabel>
      <types1:State>CURRENT</types1:State>
      <types1:ProcessGroup/>
      <types1:CreatedBy>uashok@iics.org</types1:CreatedBy>
      <types1:CreationDate>2018-11-14T11:39:27Z</types1:CreationDate>
      <types1:ModifiedBy>uashok@iics.org</types1:ModifiedBy>
      <types1:ModificationDate>2018-11-14T11:55:08Z</types1:ModificationDate>
      <types1:PublicationStatus>published</types1:PublicationStatus>
      <types1:PublishedBy>uashok@iics.org</types1:PublishedBy>
      <types1:PublicationDate>2018-11-14T11:55:26Z</types1:PublicationDate>
      <types1:PublishedContributionId>project:/spi.AutoExecSQL/AutoExecSQL.pd.xml</types1:PublishedContributionId>
      <types1:AutosaveExists>false</types1:AutosaveExists>
      <types1:Entry>
         <process xmlns="http://schemas.active-endpoints.com/appmodules/screenflow/2010/10/avosScreenflow.xsd"
                  xmlns:list="urn:activevos:spi:list:functions"
                  displayName="AutoExecSQL"
                  name="AutoExecSQL">
            <appliesTo/>
            <description/>
            <tags>.anonymous</tags>
            <generator>Informatica Process Designer 9</generator>
            <output>
               <field description="" name="FinalResponse" type="objectlist">
                  <options>
                     <option name="referenceTo">$po:$any</option>
                     <option hide="true" name="multiSelect">true</option>
                     <option name="required">false</option>
                     <option name="isCopy">true</option>
                  </options>
               </field>
            </output>
            <notes/>
            <deployment suspendOnFault="false" tracingLevel="verbose">
               <rest>
                  <allowAnonymousAccess/>
               </rest>
            </deployment>
            <flow id="a">
               <start id="b">
                  <link id="joh3hrfd" targetId="joh3hrfc"/>
               </start>
               <service id="joh3hrfc">
                  <title>Execute a SQL Statement</title>
                  <serviceName>InfaDASAutoExecSQL</serviceName>
                  <serviceGUID/>
                  <serviceInput>
                     <parameter name="SQLStatement" source="constant">Select * from dual</parameter>
                  </serviceInput>
                  <link id="joh3hrfm" targetId="joh3hrfl"/>
               </service>
               <assignment id="joh3hrfl">
                  <title>Assignment to FinalResponse</title>
                  <operation source="formula" to="output.FinalResponse">
                     <expression language="XQuery">$output.Response//*:row</expression>
                  </operation>
                  <link id="joh3hrfn" targetId="c"/>
               </assignment>
               <end id="c"/>
            </flow>
         </process>
      </types1:Entry>
      <types1:GUID>7lPrNihlHfNg5mO6utL7iJ</types1:GUID>
      <types1:DisplayName>AutoExecSQL</types1:DisplayName>
   </types1:Item>
   <types1:CurrentServerDateTime>2018-11-14T11:57:11.377Z</types1:CurrentServerDateTime>
</aetgt:getResponse>
